cell,time_s,current_A,voltage_V,soc,negative_average_mol_m3,negative_surface_mol_m3,negative_gradient_mol_m3,positive_average_mol_m3,positive_surface_mol_m3,positive_gradient_mol_m3,negative_overpotential_V,positive_overpotential_V,total_overpotential_V
A,0.0,5.0,3.749276551786766,0.6,18451.97287104763,18451.97287104763,0.0,31545.624886423535,31545.624886423535,0.0,0.07873627975534432,-0.012561545895054389,-0.0912978256503987
A,10.0,5.0,3.732564197847449,0.5972222222222222,18420.923936390886,18132.564743298524,-288.35919309236124,31581.752961328828,32324.708210545745,742.9552492169169,0.07864125451420205,-0.012565240941985908,-0.09120649545618796
A,20.0,5.0,3.7214164486085206,0.5944444444444444,18385.326597523584,17972.409772055387,-412.9168254681972,31619.394545379862,32821.77171499714,1202.3771696172807,0.07860035701303061,-0.012571531743073546,-0.09117188875610416
A,30.0,5.0,3.7124756492900586,0.5916666666666667,18345.84691248538,17842.59319706093,-503.2537154244492,31658.2454365198,33204.138394726986,1545.892958207187,0.07857049029545661,-0.012578465500476439,-0.09114895579593305
A,40.0,5.0,3.704695404614399,0.5888888888888889,18302.411949365815,17727.54334187338,-574.8686074924335,31698.151154433825,33526.351433610274,1828.2002791764498,0.07854646765158896,-0.012585729684839696,-0.09113219733642866
A,50.0,5.0,3.697642541843753,0.5861111111111111,18254.83709712652,17621.433791462805,-633.4033056637163,31739.018503034953,33811.26899519177,2072.250492156818,0.07852634294692266,-0.01259324164832265,-0.09111958459524531
A,60.0,5.0,3.6911028693561128,0.5833333333333333,18203.105186500725,17521.402563940377,-681.7026225603477,31780.7851273618,34070.50146049358,2289.716333131779,0.07850915081327312,-0.012600968908881363,-0.09111011972215448
A,70.0,5.0,3.6849618728908604,0.5805555555555555,18147.418324268387,17425.79236550413,-721.6259587642562,31823.407136659174,34310.58371103466,2487.1765743754877,0.07849432908652566,-0.012608887978646965,-0.09110321706517263
A,80.0,5.0,3.679144776412343,0.5777777777777777,18088.136762800674,17333.4821662004,-754.6545966002741,31866.85178179748,34535.88355443291,2669.0317726354333,0.07848150945912569,-0.0126169902620508,-0.09109849972117648
A,90.0,5.0,3.6736038450443145,0.575,18025.684125166135,17243.719459081476,-781.9646660846593,31911.094461425393,34749.33731587782,2838.2428544524264,0.07847044539404283,-0.012625269152575466,-0.09109571454661829
A,100.0,5.0,3.668307566795551,0.5722222222222222,17960.49384890901,17155.966938679823,-804.5269102291859,31956.116734005715,34952.999565427875,2996.882831422161,0.07846096312221862,-0.012633718097490634,-0.09109468121970925
A,110.0,5.0,3.6632338077384676,0.5694444444444444,17892.97912789073,17069.82823200965,-823.1508958810773,32001.90497159886,35148.37923392621,3146.4742623273487,0.07845293629010514,-0.012642331054057687,-0.09109526734416282
A,120.0,5.0,3.6583650848721474,0.5666666666666667,17823.50909465996,16984.991599873232,-838.5174947867272,32048.449266793607,35336.66487106272,3288.215604269113,0.07844626993718319,-0.012651104468986624,-0.09109737440616981
A,130.0,5.0,3.653687182880285,0.5638888888888889,17752.402776604104,16901.208483082766,-851.1942935213374,32095.742871431932,35518.80711909614,3423.0642476642097,0.07844089214277337,-0.012660036300620818,-0.0911009284433942
A,140.0,5.0,3.6491884878545795,0.5611111111111111,17679.933064574576,16818.282135884787,-861.650928689789,32143.781838153624,35695.565204325554,3551.7833661719305,0.0784367483801895,-0.012669124823137154,-0.09110587320332666
A,150.0,5.0,3.644858954059248,0.5583333333333333,17606.33342156242,16736.053605330184,-870.279816232236,32192.56460205817,35867.56249828683,3674.9978962286623,0.07843379703162784,-0.012678368895839379,-0.09111216592746722
A,160.0,5.0,3.6406901654598127,0.5555555555555555,17531.798377562012,16654.399239953324,-877.3991376086888,32242.091864839913,36035.2954738289,3793.2036089889843,0.078432006430176,-0.012687766541529765,-0.09111977297170577
A,170.0,5.0,3.6366746008292843,0.5527777777777777,17456.488447386546,16573.22100887716,-883.2674385093851,32292.36626671818,36199.17163050061,3906.8053637824305,0.07843135221467466,-0.012697315503781142,-0.0911286677184558
A,180.0,5.0,3.63280442365903,0.5499999999999999,17380.540535197426,16492.431228529076,-888.1093066683497,32343.39164147341,36359.56722084047,4016.1755793670636,0.07843181563474155,-0.01270701562735902,-0.09113883126210057
A,190.0,5.0,3.6290728207422633,0.5472222222222222,17304.064531187607,16411.96442623227,-892.1001049553379,32395.173253955123,36516.779750622,4121.606496666878,0.07843338244694194,-0.012716865347814644,-0.09115024779475658
A,200.0,5.0,3.625472374264575,0.5444444444444444,17227.15676198382,16331.75777734622,-895.3989846376007,32447.716853858565,36671.10220079799,4223.385346939427,0.07843604212070462,-0.01272686562190843,-0.09116290774261306
A,210.0,5.0,3.621997065587779,0.5416666666666666,17149.884655919013,16251.772201654981,-898.1124542640318,32501.029699995328,36822.74327770561,4321.713577710281,0.07843978648982848,-0.01273701437467358,-0.09117680086450206
A,220.0,5.0,3.61863961759195,0.5388888888888889,17072.322490719955,16171.958883695552,-900.3636070244029,32555.11782823886,36971.94697935025,4416.829151111389,0.07844461036118043,-0.012747313924493579,-0.091191924285674
A,230.0,5.0,3.6153950277508016,0.5361111111111111,16994.505941521205,16092.301790285317,-902.2041512358883,32609.989561019454,37118.84086745848,4508.8513064390245,0.07845050872474862,-0.012757760354770905,-0.09120826907951952
A,240.0,5.0,3.612256321093574,0.5333333333333333,16916.488998810964,16012.763314036583,-903.7256847743811,32665.650581276153,37263.62917891205,4597.978597635898,0.07845747964814412,-0.012768356599346251,-0.09122583624749037
A,250.0,5.0,3.6092183077059805,0.5305555555555556,16838.300030612954,15933.330494552687,-904.9695360602673,32722.107899934497,37406.42648346212,4684.318583527624,0.07846552074420564,-0.012779100517582078,-0.09124462126178771
A,260.0,5.0,3.6062752736353403,0.5277777777777777,16759.9685926011,15853.985101399288,-905.9834912018123,32779.36706943219,37547.36539007795,4767.998320645762,0.07847463113128149,-0.012789992384203166,-0.09126462351548466
A,270.0,5.0,3.6034215055347003,0.5249999999999999,16681.522137764674,15774.709024200716,-906.8131135639578,32837.432528063655,37686.576162780904,4849.143634717249,0.07848481106096865,-0.012801033417841808,-0.09128584447881045
A,280.0,5.0,3.600651666511342,0.5222222222222221,16602.983510356782,15695.488556171724,-907.4949541850583,32896.30790603115,37824.17066245011,4927.862756418959,0.0784960612722296,-0.012812224418625043,-0.09130828569085465
A,290.0,5.0,3.5979608330640276,0.5194444444444444,16524.366758824992,15616.315127445265,-908.051631379727,32955.99610102908,37960.24128390147,5004.245182872393,0.07850838257345266,-0.012823565479679501,-0.09133194805313216
A,300.0,5.0,3.595343862843965,0.5166666666666666,16445.691836192105,15537.175123691664,-908.5167125004409,33016.49801482663,38094.89434381982,5078.396328993185,0.07852177728638485,-0.012835058664870976,-0.09135683595125582
A,300.00000000000006,0.0,3.686700698795221,0.5166666666666666,16445.691836192105,15537.175123691664,-908.5167125004409,33016.49801482663,38094.89434381982,5078.396328993185,0.0,0.0,0.0
A,310.0,0.0,3.699541608535596,0.5166666666666666,16398.0179857153,15777.447363565556,-620.5706221497458,33041.68608958479,37449.147235910976,4407.461146326183,0.0,0.0,0.0
A,320.0,0.0,3.707309219604496,0.5166666666666666,16354.849450700194,15858.557021186058,-496.29242951413653,33066.174743718555,37084.088029511695,4017.91328579314,0.0,0.0,0.0
A,330.0,0.0,3.7128848352151858,0.5166666666666666,16315.528477696012,15909.280888545583,-406.2475891504291,33090.26643440215,36832.561449977875,3742.295015575728,0.0,0.0,0.0
A,340.0,0.0,3.7172749195058405,0.5166666666666666,16280.133385414092,15945.30154602408,-334.83183939001174,33114.112987130975,36639.98543209102,3525.8724449600486,0.0,0.0,0.0
A,350.0,0.0,3.7209129876674596,0.5166666666666666,16248.855011782298,15972.368396076048,-276.4866157062497,33137.80362995472,36483.674365522005,3345.8707355672886,0.0,0.0,0.0
A,360.0,0.0,3.7240269956079497,0.5166666666666666,16221.71375196692,15993.371928386081,-228.34182358083854,33161.395911249,36352.01882507886,3190.622913829866,0.0,0.0,0.0
A,360.00000000000006,5.0,3.6328611012697007,0.5166666666666666,16221.71375196692,15993.371928386081,-228.34182358083854,33161.395911249,36352.01882507886,3190.622913829866,0.07845934309580718,-0.0127065512424416,-0.09116589433824879
A,370.0,5.0,3.6174767371320753,0.5138888888888888,16167.459433995979,15690.585077066973,-476.87435692900544,33221.056126927215,37017.566306115325,3796.5101791881098,0.07849679305538572,-0.012750525525674017,-0.09124731858105974
A,380.0,5.0,3.608891694666694,0.5111111111111111,16112.239725925163,15543.697981017953,-568.5417449072102,33282.19556305889,37414.96316891004,4132.76760585115,0.0785206324449776,-0.01277975208435164,-0.09130038452932925
A,390.0,5.0,3.602829557296073,0.5083333333333333,16056.298047652788,15424.673486460504,-631.6245611922841,33344.527070961216,37708.59378758217,4364.066716620953,0.07854267864292559,-0.012802805543126955,-0.09134548418605255
A,400.0,5.0,3.597995691630727,0.5055555555555555,15999.128963298539,15318.359870766139,-680.7690925324005,33407.90614666385,37951.0764230923,4543.170276428449,0.07856444252813408,-0.012822793017227293,-0.09138723554536136
A,410.0,5.0,3.5938796051921935,0.5027777777777778,15940.13806191699,15219.41145946834,-720.7266024486507,33472.24441645951,38163.645593421956,4691.4011769624485,0.07858646071377175,-0.012841031211891906,-0.09142749192566366
A,420.0,5.0,3.5902315519406205,0.49999999999999994,15878.942265140766,15125.238210724103,-753.704054416663,33537.47963803639,38356.83641581747,4819.356777781082,0.07860899900989622,-0.012858194558530585,-0.09146719356842681
A,430.0,5.0,3.586916785885285,0.4972222222222222,15815.423797708427,15034.428516337299,-780.9952813711279,33603.5641955803,38536.31425597019,4932.750060389888,0.0786321987411546,-0.012874646945137028,-0.09150684568629162
A,440.0,5.0,3.583850786463389,0.4944444444444444,15749.668418984555,14946.070890489984,-803.5975284945707,33670.45854987335,38705.64943366242,5035.190883789066,0.07865615845225889,-0.01289062250231798,-0.09154678095457687
A,450.0,5.0,3.5809772917261493,0.49166666666666664,15681.87141908798,14859.562405717215,-822.3090133707647,33738.12824462056,38867.21918922683,5129.090944606272,0.07868094596044514,-0.012906279762733059,-0.0915872257231782
A,460.0,5.0,3.5782579185145758,0.4888888888888889,15612.269968218947,14774.48685099836,-837.7831172205861,33806.542393023556,39022.62391465855,5216.081521634995,0.07870660996026661,-0.012921725260454518,-0.09162833522072113
A,470.0,5.0,3.575665372609914,0.4861111111111111,15541.113856658656,14690.548320881808,-850.5655357768483,33875.6727856396,39172.97893118241,5297.306145542811,0.07873318625347625,-0.012937032462347828,-0.09167021871582408
A,480.0,5.0,3.5731790395421017,0.48333333333333334,15468.639942182004,14607.52380851708,-861.1161336649238,33945.493241060045,39319.11480309159,5373.6215620315415,0.07876070420847416,-0.012952256228301217,-0.09171296043677538
A,490.0,5.0,3.5707825495852523,0.48055555555555557,15395.057367075011,14525.235423894872,-869.821943180139,34015.979286988724,39461.687773451165,5445.708486462441,0.07878919084454805,-0.012967440888371444,-0.0917566317329195
A,500.0,5.0,3.5684628536244385,0.4777777777777778,15320.546298446101,14443.542181456607,-877.0041169894939,34087.108159243486,39601.21300529313,5514.104846049646,0.07881867034141812,-0.012982621599146685,-0.09180129194056481
A,510.0,5.0,3.566209389226001,0.47500000000000003,15245.262306909073,14362.331912135187,-882.9303947738863,34158.8588624565,39738.09912102124,5579.240258564736,0.07884916432153077,-0.012997826431692954,-0.09184699075322372
A,520.0,5.0,3.564013672489593,0.47222222222222227,15169.337221480198,14281.51796291037,-887.8192585698289,34231.21216389634,39872.66133791274,5641.449174016394,0.07888069099754348,-0.013013076560044091,-0.09189376755758757
A,530.0,5.0,3.561868288873305,0.4694444444444445,15092.883675352932,14201.02559454242,-891.8580808105125,34304.15055668765,40005.17603151279,5701.025474825139,0.07891326888696613,-0.013028391511516186,-0.09194166039848232
A,540.0,5.0,3.5597676977081014,0.46666666666666673,15015.990287828949,14120.80610663667,-895.1841811922786,34377.65825550473,40135.82325975229,5758.165004247559,0.07894690990725897,-0.013043781855468043,-0.09199069176272702
A,550.0,5.0,3.5577062318249277,0.46388888888888896,14938.735839171964,14040.806239925334,-897.9295992466305,34451.721101966155,40264.80938074004,5813.088278773881,0.07898163097672628,-0.013059262958974015,-0.0920408939357003
A,560.0,5.0,3.5556795850243663,0.4611111111111112,14861.18009718588,13960.992480713438,-900.1876164724417,34526.32654233334,40392.268519217745,5865.941976884402,0.07901744327333599,-0.013074843108616351,-0.09209228638195234
A,570.0,5.0,3.5536834264826176,0.4583333333333334,14783.37588700495,13881.329208289175,-902.0466787157748,34601.463478537415,40518.349049576136,5916.8855710387215,0.07905436108314522,-0.013090533558958319,-0.09214489464210354
A,580.0,5.0,3.5517140574050137,0.45555555555555566,14705.367454220159,13801.78931044308,-903.5781437770784,34677.121981965945,40643.16889513811,5966.046913172162,0.07909239681380283,-0.013106342973159988,-0.09219873978696282
A,590.0,5.0,3.549768155474269,0.4527777777777779,14627.188766021438,13722.350996211066,-904.8377698103723,34753.293505080495,40766.83018769741,6013.536682616912,0.07913156197485097,-0.013122278988983271,-0.09225384096383424
A,600.0,5.0,3.5478426825317295,0.4500000000000001,14548.871593152453,13642.995465772643,-905.87612737981,34829.9701129177,40889.42364663433,6059.453533716631,0.07917186799712105,-0.013138348622474146,-0.0923102166195952
A,610.0,5.0,3.545934907526071,0.44722222222222235,14470.4395134384,13563.708465273576,-906.7310481648237,34907.144937775825,41011.02578678672,6103.880849010893,0.0792133251982704,-0.013154557767240572,-0.09236788296551098
A,620.0,5.0,3.544042304307017,0.4444444444444446,14391.913388981327,13484.478017441676,-907.4353715396519,34984.811534319495,41131.70447375237,6146.892939432873,0.07925594369225487,-0.013170911797779773,-0.09242685549003465
A,630.0,5.0,3.5421624955956696,0.4416666666666668,14313.310285466427,13405.293894078557,-908.0163913878696,35062.96385923932,41251.521765779085,6188.557906539769,0.07929973352478614,-0.013187415870351242,-0.09248714939513739
A,640.0,5.0,3.5402932978130868,0.43888888888888905,14234.643111311356,13326.148644540654,-908.4944667707023,35141.59644440555,41370.530061628284,6228.933617222734,0.07934470395936018,-0.013204074317569243,-0.09254877827692942
A,650.0,5.0,3.5384325814083954,0.4361111111111113,14155.92372254956,13247.034938660323,-908.888783889237,35220.70374802656,41488.78075933363,6268.077011307076,0.0793908648461493,-0.013220891784582705,-0.092611756630732
A,660.0,5.0,3.536578372802059,0.4333333333333335,14077.160159956791,13167.947870544096,-909.2122894126951,35300.28071842105,41606.31677811034,6306.036059689293,0.07943822522457528,-0.013237872132316706,-0.09267609735689199
A,660.0000000000001,0.0,3.629254470158951,0.4333333333333335,14077.160159956791,13167.947870544096,-909.2122894126951,35300.28071842105,41606.31677811034,6306.036059689293,0.0,0.0,0.0
A,670.0,0.0,3.639008016722718,0.4333333333333335,14029.410228498677,13408.272045061784,-621.1381834368931,35344.193847024166,40944.11875310164,5599.924906077475,0.0,0.0,0.0
A,680.0,0.0,3.6446418597220114,0.4333333333333335,13986.179055752777,13489.402590138803,-496.7764656139734,35387.05255838993,40563.27018439099,5176.21762600106,0.0,0.0,0.0
A,690.0,0.0,3.648655613531579,0.4333333333333335,13946.80627005705,13540.174482939732,-406.6317871173178,35429.15568888403,40296.536637723184,4867.380948839156,0.0,0.0,0.0
A,700.0,0.0,3.6518197258934775,0.4333333333333335,13911.368692702072,13576.211763413576,-335.15692928849603,35470.65237341122,40089.365196508574,4618.712823097354,0.0,0.0,0.0
A,710.0,0.0,3.654456311325925,0.4333333333333335,13880.054983418997,13603.305371756698,-276.7496116622988,35511.63021860026,39918.97905332313,4407.34883472287,0.0,0.0,0.0
A,720.0,0.0,3.6567301275626702,0.4333333333333335,13852.88476251743,13624.332161105154,-228.55260141227518,35552.14594272856,39773.75856659424,4221.61262386568,0.0,0.0,0.0
A,730.0,0.0,3.658733531169351,0.4333333333333335,13829.658010233037,13640.94821934714,-188.70979088589775,35592.23762910337,39647.18080110381,4054.943172000436,0.0,0.0,0.0
A,740.0,0.0,3.6605279253967917,0.4333333333333335,13810.01735226061,13654.266125107339,-155.75122715327052,35631.931947866615,39534.93485233347,3903.0029044668554,0.0,0.0,0.0
A,750.0,0.0,3.6621550268701144,0.4333333333333335,13793.53928271915,13665.039897794999,-128.49938492415095,35671.247308486476,39434.097208915475,3762.849900428999,0.0,0.0,0.0
A,760.0,0.0,3.6636440644052555,0.4333333333333335,13779.79280176817,13673.80880596716,-105.98399580100886,35710.195852618526,39342.61904846815,3632.423195849624,0.0,0.0,0.0
A,770.0,0.0,3.665016274395891,0.4333333333333335,13768.366488600377,13680.969010767436,-87.39747783294115,35748.78471515382,39259.0096033395,3510.2248881856794,0.0,0.0,0.0
A,780.0,0.0,3.6662882587810777,0.4333333333333335,13758.89127285541,13686.829136992554,-72.06213586285594,35787.01711614705,39182.10833396289,3395.0912178158396,0.0,0.0,0.0
A,790.0,0.0,3.6674734501262183,0.4333333333333335,13751.04857876048,13691.636880122236,-59.41169863824325,35824.893011573666,39110.98230735304,3286.0892957793767,0.0,0.0,0.0
A,800.0,0.0,3.6685825814492765,0.4333333333333335,13744.566639319648,13695.58863149252,-48.97800782712875,35862.409441928045,39044.88777352868,3182.478331600636,0.0,0.0,0.0
A,810.0,0.0,3.669624570489121,0.4333333333333335,13739.211916289942,13698.844477087132,-40.36743920280969,35899.5610286685,38983.21026739853,3083.6492387300314,0.0,0.0,0.0
A,820.0,0.0,3.6706062524536525,0.4333333333333335,13734.791566018806,13701.525942344693,-33.26562367411316,35936.33991466749,38925.47431619988,2989.134401532385,0.0,0.0,0.0
A,830.0,0.0,3.671533632405488,0.4333333333333335,13731.14291290433,13703.735782847652,-27.407130056677488,35972.73649025465,38871.266159248844,2898.529668994197,0.0,0.0,0.0
A,840.0,0.0,3.6724116983964925,0.4333333333333335,13728.131578544402,13705.556436946712,-22.575141597690163,36008.73956912261,38820.2417807324,2811.50221160979,0.0,0.0,0.0
A,850.0,0.0,3.6732446153698763,0.4333333333333335,13725.648967537152,13707.05357493614,-18.595392601011554,36044.336565088146,38772.11325992739,2727.7766948392455,0.0,0.0,0.0
A,860.0,0.0,3.674036734491685,0.4333333333333335,13723.595197930432,13708.292504065674,-15.302693864758112,36079.514791038215,38726.58994581881,2647.075154780592,0.0,0.0,0.0
A,870.0,0.0,3.674790712635856,0.4333333333333335,13721.90649671696,13709.309362689935,-12.597134027024367,36114.259394378954,38683.48335368608,2569.223959307128,0.0,0.0,0.0
A,880.0,0.0,3.6755102812916927,0.4333333333333335,13720.505353926612,13710.155650607563,-10.349703319048785,36148.55746967314,38642.55009648906,2493.992626815918,0.0,0.0,0.0
A,890.0,0.0,3.6761972160623095,0.4333333333333335,13719.353826756294,13710.850360283215,-8.503466473079243,36182.39361969142,38603.66080473279,2421.267185041368,0.0,0.0,0.0
A,900.0,0.0,3.676853811568571,0.4333333333333335,13718.409036806424,13711.41974755313,-6.989289253295283,36215.75397384629,38566.66075280319,2350.9067789569017,0.0,0.0,0.0
A,910.0,0.0,3.677482314306245,0.4333333333333335,13717.631685074026,13711.888581796844,-5.743103277181945,36248.62546894925,38531.40142146075,2282.7759525115034,0.0,0.0,0.0
A,920.0,0.0,3.6780841712262364,0.4333333333333335,13716.997435205198,13712.268760713583,-4.7286744916145835,36280.994854834295,38497.78126052827,2216.7864056939725,0.0,0.0,0.0
A,930.0,0.0,3.678661321172572,0.4333333333333335,13716.47912047891,13712.579242941836,-3.8998775370746444,36312.85075587543,38465.67424433028,2152.823488454851,0.0,0.0,0.0
A,940.0,0.0,3.679215379978875,0.4333333333333335,13716.052604648978,13712.834278010347,-3.2183266386309697,36344.18269976211,38434.97449019792,2090.791790435811,0.0,0.0,0.0
A,950.0,0.0,3.6797475491967346,0.4333333333333335,13715.705367101938,13713.04122630372,-2.6641407982187957,36374.98070128384,38405.60060357816,2030.6199022943183,0.0,0.0,0.0
A,960.0,0.0,3.6802593496811973,0.4333333333333335,13715.418189439904,13713.212936598691,-2.2052528412132233,36405.23698527076,38377.45572107299,1972.2187358022275,0.0,0.0,0.0
A,970.0,0.0,3.680751924410943,0.4333333333333335,13715.179663035213,13713.356362653003,-1.823300382209709,36434.94435637821,38350.465039761475,1915.5206833832635,0.0,0.0,0.0
A,980.0,0.0,3.681226201670526,0.4333333333333335,13714.982329242372,13713.475403769862,-1.5069254725094652,36464.09667628539,38324.56664713351,1860.4699708481203,0.0,0.0,0.0
A,990.0,0.0,3.6816831536203516,0.4333333333333335,13714.817788136133,13713.575117673628,-1.2426704625049751,36492.68948949971,38299.697486521516,1807.0079970218067,0.0,0.0,0.0
A,1000.0,0.0,3.6821236185921027,0.4333333333333335,13714.680943776135,13713.658447228958,-1.0224965471770702,36520.71887352895,38275.80271718865,1755.0838436596969,0.0,0.0,0.0
A,1010.0,0.0,3.682548282644537,0.4333333333333335,13714.568136428337,13713.726693227398,-0.8414432009394659,36548.182490679894,38252.83656375473,1704.6540730748384,0.0,0.0,0.0
A,1020.0,0.0,3.6829580470568586,0.4333333333333335,13714.474039244777,13713.784408593763,-0.6896306510134309,36575.07880728771,38230.74269353852,1655.6638862508116,0.0,0.0,0.0
A,1030.0,0.0,3.6833535126548353,0.4333333333333335,13714.396388960591,13713.832196869887,-0.5641920907037274,36601.407582378175,38209.48151454454,1608.073932166364,0.0,0.0,0.0
A,1040.0,0.0,3.6837352756210313,0.4333333333333335,13714.33278794833,13713.870948077218,-0.46183987111180613,36627.169657160455,38189.01435728809,1561.8447001276363,0.0,0.0,0.0
A,1050.0,0.0,3.6841039274727057,0.4333333333333335,13714.281194720967,13713.901787679473,-0.37940704149332305,36652.36674868889,38169.30343159827,1516.9366829093851,0.0,0.0,0.0
A,1060.0,0.0,3.684460158419904,0.4333333333333335,13714.239839609052,13713.927425235777,-0.31241437327480526,36677.00104235448,38150.306376740955,1473.305334386474,0.0,0.0,0.0
A,1070.0,0.0,3.6848044294082016,0.4333333333333335,13714.206505413793,13713.947955755653,-0.25854965813960007,36701.076506381,38131.99342463787,1430.9169182568658,0.0,0.0,0.0
A,1080.0,0.0,3.685137238037478,0.4333333333333335,13714.178684189534,13713.964314545263,-0.21436964427084604,36724.59783050754,38114.33336426973,1389.735533762192,0.0,0.0,0.0
A,1090.0,0.0,3.6854590702141765,0.4333333333333335,13714.156733805712,13713.9771167752,-0.17961703051150835,36747.56947060531,38097.29601577645,1349.7265451711355,0.0,0.0,0.0
A,1100.0,0.0,3.685770387876074,0.4333333333333335,13714.140160180741,13713.987075950054,-0.1530842306874547,36769.99685623702,38080.85287574331,1310.8560195062892,0.0,0.0,0.0
A,1110.0,0.0,3.6860716273928102,0.4333333333333335,13714.126228952955,13713.995188437339,-0.13104051561640517,36791.88678477792,38064.9771773546,1273.0903925766834,0.0,0.0,0.0
A,1120.0,0.0,3.6863632174377923,0.4333333333333335,13714.112789938677,13714.00249310581,-0.11029683286687941,36813.246345098036,38049.64289972315,1236.396554625113,0.0,0.0,0.0
A,1130.0,0.0,3.686645466167125,0.4333333333333335,13714.10319570138,13714.007843994443,-0.09535170693743567,36834.0817618511,38034.830506849255,1200.7487449981563,0.0,0.0,0.0
A,1140.0,0.0,3.6869187755549326,0.4333333333333335,13714.09487814855,13714.012424209806,-0.08245393874312867,36854.401075132795,38020.51596365598,1166.1148885231814,0.0,0.0,0.0
A,1150.0,0.0,3.68718349763865,0.4333333333333335,13714.087194957185,13714.016655196732,-0.07053976045244781,36874.212171265914,38006.678064687396,1132.4658934214822,0.0,0.0,0.0
A,1160.0,0.0,3.687439953759432,0.4333333333333335,13714.079890750716,13714.020719052442,-0.05917169827444013,36893.52324222382,37993.29742799558,1099.7741857717629,0.0,0.0,0.0
A,1170.0,0.0,3.6876884079099104,0.4333333333333335,13714.073690357876,13714.02419056965,-0.04949978822696721,36912.34281924089,37980.357829850764,1068.0150106098736,0.0,0.0,0.0
A,1180.0,0.0,3.687929166446055,0.4333333333333335,13714.06818017214,13714.02734288449,-0.040837287649992504,36930.67936727761,37967.841077284225,1037.1617100066142,0.0,0.0,0.0
A,1190.0,0.0,3.688162499936743,0.4333333333333335,13714.063515674154,13714.030091869823,-0.033423804330595885,36948.54149906671,37955.73099797021,1007.189498903499,0.0,0.0,0.0
A,1200.0,0.0,3.688388663750822,0.4333333333333335,13714.0594963682,13714.032533128924,-0.02696323927557387,36965.93850063207,37944.01238594842,978.0738853163493,0.0,0.0,0.0
A,1210.0,0.0,3.68860790140616,0.4333333333333335,13714.056029299467,13714.034686210993,-0.021343088474168326,36982.87960503354,37932.67079635967,949.7911913261341,0.0,0.0,0.0
A,1220.0,0.0,3.6888204467506154,0.4333333333333335,13714.053277961424,13714.036411480198,-0.016866481226315955,36999.37371003388,37921.69241486884,922.3187048349646,0.0,0.0,0.0
A,1230.0,0.0,3.689026523974223,0.4333333333333335,13714.051243830003,13714.037638402215,-0.013605427788206725,37015.42989644829,37911.06406171677,895.6341652684787,0.0,0.0,0.0
A,1240.0,0.0,3.689226352685941,0.4333333333333335,13714.04976029615,13714.038502645088,-0.011257651061896468,37031.0576465228,37900.77292950828,869.7152829854822,0.0,0.0,0.0
A,1250.0,0.0,3.68942014684151,0.4333333333333335,13714.04858162309,13714.039173828645,-0.009407794444996398,37046.26639161869,37890.80661889104,844.5402272723513,0.0,0.0,0.0
A,1260.0,0.0,3.6896073818868618,0.4333333333333335,13714.047560577581,13714.039772873968,-0.007787703612848418,37061.015796483356,37881.19073769178,820.1749412084246,0.0,0.0,0.0
A,1260.0000000000002,2.5,3.633880910431265,0.43333333333333346,13714.047560577581,13714.039772873968,-0.007787703612848418,37061.015796483356,37881.19073769178,820.1749412084246,0.04926835743618796,-0.006458114019409023,-0.05572647145559698
A,1270.0,2.5,3.6263564347415413,0.43194444444444463,13698.52170132795,13554.390275936812,-144.1314253911387,37093.47984893274,38261.34090492258,1167.8610559898443,0.049335682770934836,-0.006474842216856577,-0.05581052498779141
A,1280.0,2.5,3.6218261829050538,0.43055555555555575,13680.722325911102,13474.29427993169,-206.42804597941176,37126.309442834914,38500.80767358049,1374.4982307455793,0.04937095621351757,-0.006485951976369979,-0.055856908189887554
A,1290.0,2.5,3.618446857534635,0.42916666666666686,13660.98269559829,13409.323752196495,-251.6589434017951,37159.361460995555,38683.375019397565,1524.01355840201,0.049400309079850935,-0.006494723929986244,-0.055895033009837176
A,1300.0,2.5,3.6156662254450485,0.427777777777778,13639.265687065,13351.799517520496,-287.46616954450474,37192.56807677746,38835.94157198052,1643.3734952030572,0.049426854566734776,-0.006502257210511965,-0.05592911177724674
A,1310.0,2.5,3.6132505138347297,0.4263888888888891,13615.4769714497,13298.765740682133,-316.71123076756703,37225.891503535546,38970.10285153771,1744.2113480021653,0.04945179345319343,-0.006509035803197542,-0.05596082925639097
A,1320.0,2.5,3.611082241680923,0.4250000000000002,13589.609348691616,13248.747519105676,-340.86182958593963,37259.30929307789,39091.724393903474,1832.4151008255867,0.049475725498347445,-0.006515306556841677,-0.05599103205518912
A,1330.0,2.5,3.609096734907391,0.4236111111111113,13561.765027364736,13200.94286842036,-360.8221589443765,37292.80823667928,39204.02270306417,1911.2144663848885,0.049498973147961874,-0.0065212036548622605,-0.05602017680282413
A,1340.0,2.5,3.607251092160582,0.42222222222222244,13532.123697627123,13154.793175578245,-377.33052204887827,37326.380648863334,39309.144097537275,1982.7634486739407,0.04952176492152158,-0.0065268177226401455,-0.056048582644161724
A,1350.0,2.5,3.605515547055994,0.42083333333333356,13500.897070229661,13109.911878632725,-390.9851915969357,37360.02262478449,39408.58524531814,2048.562620533652,0.049544260448327375,-0.00653221256804301,-0.056076473016370386
A,1360.0,2.5,3.6038697303142246,0.4194444444444447,13468.301670691415,13066.034238386197,-402.2674323052179,37393.733258598186,39503.36270133448,2109.6294427362955,0.04956656895317102,-0.006537431062868719,-0.05610400001603974
A,1370.0,2.5,3.6022987829704314,0.4180555555555558,13434.544242335489,13022.96432940255,-411.5799129329389,37427.51394751389,39594.21341269529,2166.6994651813948,0.0495887719166484,-0.006542504055008426,-0.056131275971656826
A,1380.0,2.5,3.6007910280043216,0.4166666666666669,13399.809752001875,12980.546746734468,-419.2630052674067,37461.36781722856,39681.71766951614,2220.3498522875816,0.04961093526395282,-0.006547456042815955,-0.05615839130676877
A,1390.0,2.5,3.599337020812538,0.415277777777778,13364.257560461725,12938.656464745258,-425.60109571646717,37495.29939483668,39766.34657311895,2271.0471782822715,0.04963311320043198,-0.006552307170166951,-0.05618542037059893
A,1400.0,2.5,3.5979291403004,0.41388888888888914,13328.02416898199,12897.193828993046,-430.8303399889446,37529.314414564484,39848.47981032632,2319.1653957618328,0.04965534977063625,-0.006557073761200917,-0.05621242353183717
A,1410.0,2.5,3.596561328887472,0.41250000000000026,13291.224965827849,12856.081353100793,-435.14361272705537,37563.41974276789,39928.41622506074,2364.9964822928523,0.049677679682089526,-0.006561768547832238,-0.05623944822992177
A,1420.0,2.5,3.595228412072374,0.41111111111111137,13253.958832810054,12815.253549699493,-438.70528311056114,37597.62306193246,40006.41173302101,2408.788671088543,0.049700133143182695,-0.0065664026051635675,-0.056266535748346266
A,1430.0,2.5,3.593926498636862,0.4097222222222225,13216.304110848723,12774.664728201877,-441.63938264684657,37631.93307987011,40082.65210933981,2450.7190294696993,0.04972273106878318,-0.006570983525868006,-0.056293714594651184
A,1440.0,2.5,3.59265187957265,0.4083333333333336,13178.32908121171,12734.271126932137,-444.0579542795731,37666.358881585445,40157.31884572833,2490.9599641428867,0.049745494528523754,-0.006575519183665316,-0.05632101371218907
A,1450.0,2.5,3.5914012754908406,0.4069444444444447,13140.092884038235,12694.035329563,-446.0575544752355,37700.90978447047,40230.57276187199,2529.6629774015237,0.04976844214346179,-0.006580016689362101,-0.05634845883282389
A,1460.0,2.5,3.590172072459609,0.40555555555555584,13101.639938756582,12653.930516631784,-447.70942212479713,37735.595769116146,40302.5381448789,2566.942375762752,0.049791587401626376,-0.006584481319825707,-0.05637606872145208
A,1470.0,2.5,3.588962056191684,0.40416666666666695,13063.005592384978,12613.936025660203,-449.06956672477463,37770.42701871695,40373.318223727416,2602.8912050104627,0.04981494090658017,-0.006588917364900603,-0.05640385827148077
A,1480.0,2.5,3.5877687411699197,0.40277777777777807,13024.228420419724,12574.025751612086,-450.2026688076385,37805.41295121009,40443.036538960434,2637.6235877503423,0.049838517061373905,-0.006593330684743182,-0.056431847746117085
A,1490.0,2.5,3.586590942012048,0.4013888888888892,12985.322554273976,12534.19568895784,-451.1268653161369,37840.564364654005,40511.7378948216,2671.1735301675944,0.04986231770472675,-0.006597722404056923,-0.05646004010878367
A,1500.0,2.5,3.5854265438672925,0.4000000000000003,12946.316847709182,12494.424850410189,-451.8919972989934,37875.890172287065,40579.527700647806,2703.6375283607413,0.04988635511254103,-0.00660209769962372,-0.056488452812164754
A,1510.0,2.5,3.5842742986044,0.3986111111111114,12907.22491455526,12454.70681521896,-452.5180993362992,37911.39994562306,40646.45887562759,2735.058930004532,0.04991063318919931,-0.006606458579761876,-0.056517091768961185
A,1520.0,2.5,3.5831329918107837,0.39722222222222253,12868.059053221365,12415.035163604276,-453.02388961708857,37947.10262853238,40712.58381791231,2765.481189379927,0.049935156023487845,-0.006610807153999265,-0.05654596317748711
A,1530.0,2.5,3.582001162154912,0.39583333333333365,12828.834548217372,12375.398594426293,-453.43595379107865,37983.00604617906,40777.9720160774,2794.965969898338,0.04995993095854531,-0.006615146803561603,-0.056575077762106914
A,1540.0,2.5,3.580877644680124,0.39444444444444476,12789.563093758998,12335.790197359776,-453.7728963992213,38019.11765239297,40842.675423775145,2823.5577713821767,0.049984962870752145,-0.006619479901518997,-0.05660444277227114
A,1550.0,2.5,3.579761472150854,0.3930555555555559,12750.25111940794,12296.20627786452,-454.04484154342026,38055.4444667749,40906.73462124728,2851.290154472379,0.050010254774455594,-0.006623808176449198,-0.05663406295090479
A,1560.0,2.5,3.578651556415361,0.391666666666667,12710.908536248935,12256.640192049523,-454.26834419941224,38091.99235083145,40970.19868398867,2878.2063331572135,0.050035811715177285,-0.0066281340374178726,-0.05666394575259516
A,1570.0,2.5,3.577546928283973,0.3902777777777781,12671.543085083604,12217.086902473402,-454.4561826102017,38128.76654532042,41033.10994495057,2904.3433996301537,0.050061637883677616,-0.00663245954593666,-0.056694097429614274
A,1580.0,2.5,3.576446887802763,0.38888888888888923,12632.156826530396,12177.545851680658,-454.61097484973834,38165.772103732466,41095.49438762616,2929.722283893694,0.05008773465464426,-0.00663678572597418,-0.05672452038061844
A,1590.0,2.5,3.575350628282109,0.38750000000000034,12592.755349408053,12138.013804346183,-454.74154506187006,38203.012727140034,41157.38523641879,2954.372509278757,0.05011410522968225,-0.006641114171837994,-0.05675521940152024
A,1600.0,2.5,3.5742574443953394,0.38611111111111146,12553.340990441635,12098.489222933995,-454.85176750764003,38240.49202508453,41218.80991754071,2978.31789245618,0.05014075176745116,-0.0066454461456080475,-0.05678619791305921
A,1610.0,2.5,3.573166722418335,0.3847222222222226,12513.915368527816,12058.971600496317,-454.9437680314986,38278.21272236013,41279.79042077317,3001.5776984130425,0.0501676757810723,-0.006649782585511672,-0.05681745836658397
A,1620.0,2.5,3.5720778730728338,0.3833333333333337,12474.479694531396,12019.460508302058,-455.0191862293377,38316.17695892816,41340.34760024687,3024.1706413187057,0.05019487876087854,-0.006654124399304196,-0.05684900316018274
A,1630.0,2.5,3.5709902566659575,0.3819444444444448,12435.035972568145,11979.954352326613,-455.0816202415317,38354.386349256754,41400.50591255604,3046.119563299282,0.05022236304153608,-0.006658472804593497,-0.056880835846129574
A,1640.0,2.5,3.569903327832351,0.3805555555555559,12395.584805939205,11940.452804132861,-455.1320018063434,38392.841889266776,41460.284125386876,3067.4422361200996,0.05025013012707514,-0.006662828659425647,-0.05691295878650079
A,1650.0,2.5,3.568816547443597,0.37916666666666704,12356.127287920152,11900.955267626025,-455.1720202941269,38431.54403838394,41519.700882254736,3088.156843870798,0.05027818174000912,-0.006667192855880151,-0.056945374595889275
A,1660.0,2.5,3.5677293613336882,0.37777777777777816,12316.664859221479,11861.46059865595,-455.2042605655279,38470.49271614377,41578.776053192196,3108.2833370484223,0.050306520033676194,-0.006671566419994522,-0.056978086453670716
A,1670.0,2.5,3.566641284789526,0.3763888888888893,12277.197889980514,11821.96856925145,-455.22932072906406,38509.6874214436,41637.525342438574,3127.837920994971,0.050335146546064684,-0.006675950111332246,-0.05701109665739693
A,1680.0,2.5,3.565551960918831,0.3750000000000004,12237.724514410535,11782.48090215347,-455.24361225706525,38549.12733474909,41695.956608003136,3146.829273254043,0.05036406140517152,-0.0066803441329503855,-0.05704440553812191
A,1690.0,2.5,3.5644608497145804,0.3736111111111115,12198.247078001059,11742.995780294581,-455.251297706478,38588.81095180385,41754.08947467183,3165.278522867986,0.050393267338369754,-0.0066847496005569855,-0.05707801693892674
A,1700.0,2.5,3.563367431174215,0.3722222222222226,12158.76794456069,11703.511460235424,-455.2564843252658,38628.73637204952,41811.94246079582,3183.2060887463012,0.050422767091081934,-0.006689167589972677,-0.05711193468105461
A,1710.0,2.5,3.562271134590961,0.37083333333333374,12119.290981807637,11664.025036835836,-455.2659449718012,38668.901237703016,41869.537398930916,3200.6361612278997,0.05045256436178023,-0.00669359947538172,-0.05714616383716195
A,1720.0,2.5,3.561171968963254,0.36944444444444485,12079.806773485858,11624.543827641406,-455.2629458444517,38709.303848520954,41926.86010064763,3217.5562521266766,0.05048265512708492,-0.00669804387778718,-0.0571806990048721
A,1730.0,2.5,3.560069478798085,0.36805555555555597,12040.317134473236,11585.066504559067,-455.2506299141696,38749.9414061911,41983.92567081986,3233.984264628758,0.050513041850232344,-0.006702501681104717,-0.057215543531337065
A,1740.0,2.5,3.5589630628053195,0.3666666666666671,12000.827554055675,11545.58891220092,-455.23864185475577,38790.81060099148,42040.75842636123,3249.9478253697525,0.05054372926329383,-0.0067069745314446046,-0.05725070379473843
A,1750.0,2.5,3.5578521882894263,0.3652777777777782,11961.342154794047,11506.107949899646,-455.23420489440105,38831.90801473094,42097.37851306402,3265.470498333074,0.05057472141415523,-0.00671146379912616,-0.05728618521328139
A,1760.0,2.5,3.5567363646460524,0.3638888888888893,11921.864303542492,11466.621095828765,-455.2432077137273,38873.230097207284,42153.80358177129,3280.5734845640036,0.0506060220068652,-0.006715970700994519,-0.057321992707859724
A,1770.0,2.5,3.555616054497199,0.36250000000000043,11882.375508931453,11427.142590758265,-455.2329181731875,38914.77462673309,42209.99272156893,3295.2180948358437,0.05063762136414856,-0.006720491765541315,-0.05735811312968987
A,1780.0,2.5,3.5544904109190365,0.36111111111111155,11842.887968376132,11387.663142144807,-455.2248262313242,38956.53718909486,42265.98621269475,3309.449023599889,0.05066952849943055,-0.006725030028782728,-0.05739455852821328
A,1790.0,2.5,3.5533590362642795,0.35972222222222267,11803.403637903963,11348.181313136034,-455.2223247679285,38998.51397919795,42321.79674186326,3323.282762665309,0.05070174629658808,-0.006729586360085432,-0.05743133265667351
A,1800.0,2.5,3.552221512444801,0.3583333333333338,11763.925149002189,11308.695151612628,-455.2299973895606,39040.7010958405,42377.438468700464,3336.737372859963,0.050734278134223085,-0.006734161779772101,-0.05746843991399519
A,1810.0,2.5,3.55107767226567,0.3569444444444449,11724.449589537562,11269.206894670275,-455.24269486728736,39083.09474119702,42432.91045866961,3349.815717472593,0.05076712397523277,-0.0067387560866028215,-0.05750588006183559
A,1820.0,2.5,3.549927474672704,0.355555555555556,11684.971426333199,11229.7207574805,-455.25066885269916,39125.69116970694,42488.204526586145,3362.513356879208,0.050800282066557186,-0.006743368469719283,-0.05754365053627647
A,1830.0,2.5,3.548770463595543,0.35416666666666713,11645.494834830995,11190.233605735115,-455.2612290958805,39168.48637909176,42543.338199484046,3374.8518203922868,0.050833756803928085,-0.00674800026607673,-0.05758175707000481
A,1840.0,2.5,3.547606386795714,0.35277777777777825,11606.01953346707,11150.74567165188,-455.2738618151907,39211.476527673025,42598.31693021315,3386.840402540125,0.050867549812854435,-0.006752651828793616,-0.05762020164164805
A,1850.0,2.5,3.5464350079863887,0.35138888888888936,11566.545090606221,11111.257295575235,-455.2877950309867,39254.65784531204,42653.14563754721,3398.4877922351734,0.05090166264188937,-0.006757323477992022,-0.05765898611988139
A,1860.0,2.5,3.5452561251995283,0.3500000000000005,11527.070513188433,11071.769174370478,-455.3013388179552,39298.02644417191,42707.82759191119,3409.8011477392793,0.05093609654082048,-0.006762015403326335,-0.05769811194414681
A,1860.0000000000002,0.0,3.602954237143675,0.3500000000000005,11527.070513188433,11071.769174370478,-455.3013388179552,39298.02644417191,42707.82759191119,3409.8011477392793,0.0,0.0,0.0
A,1870.0,0.0,3.608660999031949,0.3500000000000005,11503.119395534019,11191.954030756993,-311.1653647770254,39323.51392502995,42372.85060107413,3049.336676044186,0.0,0.0,0.0
A,1880.0,0.0,3.6116741070350145,0.3500000000000005,11481.440721075829,11232.609934235108,-248.83078684072098,39348.42368465212,42178.682147979256,2830.2584633271326,0.0,0.0,0.0
A,1890.0,0.0,3.6137719025125827,0.3500000000000005,11461.702366784346,11258.004902367074,-203.69746441727148,39372.90366846798,42041.73666794672,2668.832999478742,0.0,0.0,0.0
A,1900.0,0.0,3.6153968996490793,0.3500000000000005,11443.940523363495,11276.053046406632,-167.88747695686288,39397.02701811134,41934.78443906336,2537.7574209520244,0.0,0.0,0.0
A,1910.0,0.0,3.616731526920795,0.3500000000000005,11428.24796660996,11289.62669129073,-138.62127531923034,39420.836455307166,41846.299903048646,2425.46344774148,0.0,0.0,0.0
A,1920.0,0.0,3.6178648779180325,0.3500000000000005,11414.635015274687,11300.135666222277,-114.49934905241025,39444.35892271598,41770.6485119411,2326.289589225118,0.0,0.0,0.0
A,1930.0,0.0,3.6188517673011344,0.3500000000000005,11402.999038095471,11308.464367410783,-94.53467068468854,39467.61279242152,41704.37255828038,2236.759765858864,0.0,0.0,0.0
A,1940.0,0.0,3.6197256238895634,0.3500000000000005,11393.16120154058,11315.143448480083,-78.01775306049785,39490.61046349675,41645.35379720818,2154.7433337114344,0.0,0.0,0.0
A,1950.0,0.0,3.6205085589419146,0.3500000000000005,11384.906293236392,11320.538020963093,-64.36827227329923,39513.36021327947,41592.197796399276,2078.8375831198064,0.0,0.0,0.0
A,1960.0,0.0,3.6212172275618673,0.3500000000000005,11378.017139508791,11324.923827336721,-53.09331217207,39535.8675368305,41543.85459931406,2007.9870624835603,0.0,0.0,0.0
A,1970.0,0.0,3.6218641790741133,0.3500000000000005,11372.290748545951,11328.507616114372,-43.78313243157936,39558.135676249585,41499.532087042186,1941.3964107926004,0.0,0.0,0.0
A,1980.0,0.0,3.6224588027124534,0.3500000000000005,11367.54398472027,11331.445690507764,-36.09829421250652,39580.16597049536,41458.6379490143,1878.4719785189372,0.0,0.0,0.0
A,1990.0,0.0,3.623008376900497,0.3500000000000005,11363.616026290321,11333.859377509105,-29.756648781216427,39601.95817369687,41420.71272963632,1818.7545559394493,0.0,0.0,0.0
A,2000.0,0.0,3.6235185318571137,0.3500000000000005,11360.368454556903,11335.842010455002,-24.52644410190078,39623.5106380839,41385.40012573211,1761.8894876482082,0.0,0.0,0.0
A,2010.0,0.0,3.6239940828563095,0.3500000000000005,11357.684942471025,11337.472262692783,-20.21267977824209,39644.82065557338,41352.39504550751,1707.5743899341323,0.0,0.0,0.0
A,2020.0,0.0,3.6244390861439495,0.3500000000000005,11355.46914644531,11338.814946172475,-16.654200272834714,39665.88453024191,41321.43972468816,1655.5551944462568,0.0,0.0,0.0
A,2030.0,0.0,3.6248569145767844,0.3500000000000005,11353.639955471685,11339.922674096244,-13.717281375440507,39686.69774728239,41292.31901571869,1605.6212684362981,0.0,0.0,0.0
A,2040.0,0.0,3.625250088556564,0.3500000000000005,11352.131970615206,11340.83319634785,-11.298774267355839,39707.25489181683,41264.87043986199,1557.6155480451562,0.0,0.0,0.0
A,2050.0,0.0,3.625621182921711,0.3500000000000005,11350.888769227597,11341.58421312549,-9.30455610210629,39727.55031000204,41238.92857961238,1511.3782696103372,0.0,0.0,0.0
A,2060.0,0.0,3.62597194114002,0.3500000000000005,11349.865445365494,11342.199280172692,-7.666165192802509,39747.57762012239,41214.379187235834,1466.8015671134417,0.0,0.0,0.0
A,2070.0,0.0,3.6263042786188127,0.3500000000000005,11349.023609506376,11342.704066942151,-6.319542564224321,39767.33055036706,41191.09779552701,1423.7672451599428,0.0,0.0,0.0
A,2080.0,0.0,3.6266198261641818,0.3500000000000005,11348.330486548464,11343.11918170955,-5.211304838914657,39786.80263341136,41168.977637466494,1382.1750040551342,0.0,0.0,0.0
A,2090.0,0.0,3.626919927371268,0.3500000000000005,11347.76037021136,11343.460335788806,-4.300034422552926,39805.987529147904,41147.92980726578,1341.9422781178728,0.0,0.0,0.0
A,2100.0,0.0,3.627205932198789,0.3500000000000005,11347.290131261248,11343.743119862975,-3.547011398273753,39824.879142216654,41127.86534198002,1302.9861997633634,0.0,0.0,0.0
A,2110.0,0.0,3.6274788016109927,0.3500000000000005,11346.902546470918,11343.976849602035,-2.925696868882369,39843.471596654104,41108.71931871007,1265.2477220559667,0.0,0.0,0.0
A,2120.0,0.0,3.62773948155155,0.3500000000000005,11346.58242496093,11344.170578787858,-2.411846173072263,39861.759477681146,41090.42804270309,1228.6685650219442,0.0,0.0,0.0
A,2130.0,0.0,3.627988741317256,0.3500000000000005,11346.318211522797,11344.330538729624,-1.9876727931732603,39879.737778946335,41072.93884059122,1193.2010616448824,0.0,0.0,0.0
A,2140.0,0.0,3.6282273313472047,0.3500000000000005,11346.10029577711,11344.462648303894,-1.63764747321693,39897.40197553908,41056.20042918528,1158.7984536462027,0.0,0.0,0.0
A,2150.0,0.0,3.628455920960816,0.3500000000000005,11345.920788345069,11344.571682664882,-1.3491056801867671,39914.74815425171,41040.16676739395,1125.4186131422393,0.0,0.0,0.0
A,2160.0,0.0,3.628675054936534,0.3500000000000005,11345.772615798769,11344.660800779937,-1.1118150188322034,39931.77318482277,41024.799785894735,1093.0266010719643,0.0,0.0,0.0
B,0.0,2.5,3.78530382587644,0.6,18451.97287104763,18451.97287104763,0.0,31545.624886423535,31545.624886423535,0.0,0.048943037919181,-0.0063275136415435,-0.055270551560724496
B,10.0,2.5,3.777042611816349,0.5986111111111111,18436.447993707334,18292.333374265814,-144.1146194415196,31563.689007659174,31935.130689145873,371.44168148669996,0.048902579630074106,-0.006327977711398362,-0.05523055734147247
B,20.0,2.5,3.771701625215185,0.5972222222222222,18418.649652055483,18212.164401258742,-206.48525079674073,31582.509755004274,32183.708048877736,601.1982938734618,0.04888364741731614,-0.006328775702904616,-0.05521242312022076
B,30.0,2.5,3.767514742370668,0.5958333333333333,18398.909728370985,18147.294511332286,-251.61521703869948,31601.93520500302,32374.877157836243,772.9419528332219,0.04886900301617611,-0.006329655675737053,-0.05519865869191316
B,40.0,2.5,3.763927107144136,0.5944444444444444,18377.19325697155,18089.735886332674,-287.45737063887645,31621.887970238313,32536.04796798007,914.1599977417573,0.0488565131185619,-0.0063305776618647605,-0.05518709078042666
B,50.0,2.5,3.7607114910028323,0.5930555555555556,18353.405309603146,18036.700972066432,-316.70433753671387,31642.321686049563,32678.468874823808,1036.1471887742446,0.04884542330251746,-0.006331529697616273,-0.055176953000133734
B,60.0,2.5,3.757747898112185,0.5916666666666667,18327.53805247596,17986.69047881123,-340.8475736647306,31663.20502159316,32808.05989537439,1144.8548737812307,0.048835332781910976,-0.00633250806591502,-0.05516784084782599
B,70.0,2.5,3.754969671606889,0.5902777777777778,18299.693969944263,17938.875673572114,-360.8182963721483,31684.51596267409,32928.13191742614,1243.6159547520474,0.048826017632215564,-0.006333510030548786,-0.05515952766276435
B,80.0,2.5,3.7523348426945047,0.5888888888888889,18270.05224455907,17892.720953956574,-377.33129060249485,31706.238273559204,33040.781754081814,1334.5434805226105,0.048817333509921165,-0.006334533661690083,-0.055151867171611246
B,90.0,2.5,3.7498139032939797,0.5875,18238.826931428244,17847.84520018554,-390.981731242704,31728.359675555508,33147.48506206468,1419.1253865091749,0.04880917927870221,-0.006335578006426634,-0.05514475728512884
B,100.0,2.5,3.747385647078884,0.5861111111111111,18206.232784304913,17803.971008370805,-402.2617759341083,31750.870837939823,33249.307386249886,1498.4365483100628,0.04880148231518594,-0.0063366424882743515,-0.055138124803460295
B,110.0,2.5,3.745035106035097,0.5847222222222221,18172.474768736538,17760.89791943716,-411.5768492993775,31773.76489648581,33347.012607424025,1573.2477109382162,0.048794190260071736,-0.006337726374176452,-0.055131916634248185
B,120.0,2.5,3.7427513288421546,0.5833333333333333,18137.739145897274,17718.47600960871,-419.2631362885659,31797.036979492415,33441.17004162601,1644.133062133591,0.04878726410962435,-0.006338828858111901,-0.05512609296773625
B,130.0,2.5,3.7405250941007027,0.5819444444444444,18102.18604316055,17676.58033958797,-425.60570357257893,31820.68367584331,33532.25754618463,1711.573870341319,0.04878067255957454,-0.006339949612676304,-0.05512062217225084
B,140.0,2.5,3.7383494281490792,0.5805555555555555,18065.952354914796,17635.11497636443,-430.8373785503645,31844.703080504947,33620.64508825714,1775.94200775219,0.048774391737248686,-0.006341088197876214,-0.0551154799351249
B,150.0,2.5,3.736218150016087,0.5791666666666666,18029.153113421973,17593.997010182637,-435.1561032393365,31869.09434912706,33706.65828386795,1837.5639347408942,0.048768401988591,-0.006342244550466604,-0.0551106465390576
B,160.0,2.5,3.7341274978474344,0.5777777777777777,17991.88586983978,17553.1721748166,-438.7136950231834,31893.858028833667,33790.51527741621,1896.6572485825454,0.0487626895861974,-0.0063434179066448396,-0.05510610749284224
B,170.0,2.5,3.732073413637113,0.5763888888888888,17954.23078948761,17512.58664954548,-441.644139942131,31918.995317145822,33872.439009890695,1953.4436927448733,0.04875724216772938,-0.00634460813397362,-0.055101850301703
B,180.0,2.5,3.7300528100722845,0.575,17916.254798790913,17472.199294578448,-444.05550421246517,31944.508236489677,33952.60717006117,2008.0989335714949,0.04875205023708529,-0.0063458149504743416,-0.05509786518755963
B,190.0,2.5,3.728062728068827,0.5736111111111111,17878.013376619514,17431.972808129798,-446.04056848971595,31970.399366265956,34031.187096554284,2060.787730288328,0.04874710572574857,-0.006347038336982623,-0.05509414406273119
B,200.0,2.5,3.726100820619797,0.5722222222222222,17839.55285397444,17391.877916284815,-447.67493768962595,31996.671717290952,34108.31732197837,2111.645604687419,0.04874240235197604,-0.0063482781921687555,-0.0550906805441448
B,210.0,2.5,3.7241648779038887,0.5708333333333333,17800.91194105683,17351.888422151093,-449.02351890573846,32023.328570707392,34184.127143803154,2160.7985730957625,0.04873793484765519,-0.006349534575572885,-0.05508746942322808
B,220.0,2.5,3.7222534299404346,0.5694444444444444,17762.123071635026,17311.986650804007,-450.13642083101877,32050.37339647322,34258.71352421734,2208.340127744119,0.048733699428905285,-0.006350807274022188,-0.05508450670292747
B,230.0,2.5,3.720365125581725,0.5680555555555555,17723.21230115422,17272.15722057822,-451.05508057599945,32077.80964685193,34332.166081283816,2254.3564344318875,0.04872969294543816,-0.006352096158922318,-0.055081789104360485
B,240.0,2.5,3.718498993497283,0.5666666666666667,17684.201763236146,17232.38920961878,-451.81255361736476,32105.640659069257,34404.55722931535,2298.916570246096,0.04872591301404072,-0.006353400982128315,-0.05507931399616904
B,250.0,2.5,3.7166539898855033,0.5652777777777778,17645.108573606645,17192.671784935977,-452.43678867066774,32133.869508443913,34475.96009639978,2342.090587955867,0.048722357513930344,-0.006354721665561669,-0.05507707917949201
B,260.0,2.5,3.7148293394839382,0.5638888888888889,17605.947012425553,17152.997240789096,-452.9497716364567,32162.49900559268,34546.43544744231,2383.93644184963,0.04871902482970237,-0.006356058047578901,-0.05507508287728127
B,270.0,2.5,3.7130241867366856,0.5625,17566.728706726437,17113.357494306743,-453.3712124196936,32191.531487388675,34616.04540696098,2424.5139195723023,0.0487159134985926,-0.006357410120323302,-0.0550733236189159
B,280.0,2.5,3.711237833160448,0.5611111111111111,17527.46291738012,17073.746318828413,-453.71659855170583,32220.96888938093,34684.84440138199,2463.875512001061,0.048713022376909124,-0.006358777847586312,-0.05507180022449543
B,290.0,2.5,3.7094704537465164,0.5597222222222222,17488.15591396473,17034.166444484268,-453.9894694804607,32250.81320848118,34752.85168408498,2502.0384756037965,0.048710351048079845,-0.006360160579753195,-0.05507051162783304
B,300.0,2.5,3.7077209211154494,0.5583333333333333,17448.815433273077,16994.607556367333,-454.20787690574434,32281.064891654176,34820.13540641321,2539.0705147590343,0.04870789827263091,-0.006361558738734144,-0.05506945701136506
B,310.0,2.5,3.7059879069900505,0.5569444444444445,17409.449290735287,16955.05729430315,-454.3919964321358,32311.723562046587,34886.77012823351,2575.046566186924,0.04870566293729136,-0.006362973013987353,-0.05506863595127871
B,320.0,2.5,3.704272212590934,0.5555555555555555,17370.058191333494,16915.525099230224,-454.53309210326915,32342.79003939243,34952.74713208255,2609.9570926901215,0.0487036452622363,-0.006364402411273134,-0.05506804767350943
B,330.0,2.5,3.702574225495351,0.5541666666666666,17330.64383920447,16876.01611925843,-454.62771994603827,32374.264123803005,35018.0724891073,2643.8083653042922,0.048701845086351676,-0.006365846257506477,-0.05506769134385815
B,340.0,2.5,3.7008918372482578,0.5527777777777777,17291.215644886284,16836.509806353853,-454.7058385324308,32406.142773689884,35082.84747008663,2676.704696396744,0.048700261185395055,-0.006367306062552313,-0.05506756724794737
B,350.0,2.5,3.699223263521731,0.5513888888888888,17251.7824285499,16796.98869873928,-454.7937298106226,32438.42250057824,35147.1600638228,2708.7375632445583,0.04869889289241141,-0.00636878320864222,-0.05506767610105363
B,360.0,2.5,3.69757186973792,0.5499999999999999,17212.332675162936,16757.48894657381,-454.84372858912684,32471.104512796115,35210.8982699901,2739.7937571939874,0.04869774134785259,-0.0063702745108675084,-0.0550680158587201
B,370.0,2.5,3.695935927371761,0.548611111111111,17172.875228698613,16717.993470850277,-454.88175784833584,32504.184141094396,35274.145920288516,2769.96177919412,0.04869680579536041,-0.006371781303840625,-0.05506858709920104
B,380.0,2.5,3.694314363308986,0.5472222222222222,17133.416779419153,16678.491810195923,-454.9249692232297,32537.65676203675,35336.96087401254,2799.304111975791,0.048696085963602996,-0.006373304433251259,-0.055069390396854254
B,390.0,2.5,3.6927066361633485,0.5458333333333333,17093.961574565918,16638.97898850841,-454.98258605750743,32571.5178698948,35399.379742826575,2827.861872931775,0.04869558187395494,-0.006374844316848498,-0.055070426190803434
B,400.0,2.5,3.691114557318708,0.5444444444444444,17054.499110200315,16599.475600879283,-455.0235093210322,32605.766060704085,35461.34657642614,2855.5805157220566,0.04869529378221308,-0.0063763990944537925,-0.05507169287666687
B,410.0,2.5,3.689537112260047,0.5430555555555555,17015.036945900916,16559.97139641447,-455.0655494864477,32640.395150854176,35522.91454751919,2882.519396665015,0.048695221530921325,-0.0063779696209048204,-0.05507319115182614
B,420.0,2.5,3.6879743318204894,0.5416666666666666,16975.576326857314,16520.4674170463,-455.1089098110133,32675.40010162416,35584.09533344008,2908.6952318159165,0.048695365123810196,-0.006379555757681571,-0.05507492088149177
B,430.0,2.5,3.686426175792676,0.5402777777777777,16936.116768153377,16480.964266025276,-455.15250212810133,32710.77593371178,35644.902573167325,2934.126639455546,0.0486957245560648,-0.006381157439717966,-0.05507688199578277
B,440.0,2.5,3.684892526493891,0.5388888888888889,16896.655981778393,16441.462056198838,-455.19392557955507,32746.51778325757,35705.3521824658,2958.8343992082337,0.04869629982720328,-0.006382774687726007,-0.055079074514929285
B,450.0,2.5,3.6833735287229783,0.5375,16857.19390305604,16401.96315928345,-455.23074377259036,32782.62001488554,35765.44890201402,2982.828887128475,0.048697090891900864,-0.006384407244445852,-0.05508149813634672
B,460.0,2.5,3.681869259205421,0.5361111111111111,16817.72883755951,16362.469571331449,-455.25926622806037,32819.077147257645,35825.19930718796,3006.122159930317,0.0486980976726237,-0.006386054912920267,-0.05508415258554397
B,470.0,2.5,3.6803793983745448,0.5347222222222222,16778.26199831732,16322.97886450659,-455.28313381073167,32855.88295131344,35884.62502556453,3028.7420742510876,0.048699320206267604,-0.006387717932738935,-0.05508703813900654
B,480.0,2.5,3.678903769678526,0.5333333333333333,16738.793006238324,16283.490310975458,-455.3026952628661,32893.03139233332,35943.74137630362,3050.7099839702933,0.048700758525261394,-0.006389396399729102,-0.055090154924990496
B,490.0,2.5,3.6774422561302633,0.5319444444444444,16699.32053059151,16244.00396963173,-455.31656095977996,32930.51654122983,36002.56064744059,3072.0441062107566,0.048702412651868365,-0.006391090347912203,-0.055093502999780566
B,500.0,2.5,3.6759945916154737,0.5305555555555556,16659.844096727826,16204.518277772451,-455.3258189553744,32968.33224705436,36061.10055062439,3092.768303570032,0.04870428269732778,-0.006392799991804403,-0.05509708268913218
B,510.0,2.5,3.6745609683738585,0.5291666666666667,16620.36516292669,16165.035954811723,-455.3292081149666,33006.4716218268,36119.35953676143,3112.887914934632,0.04870636857817081,-0.006394525001350656,-0.055100893579521464
B,520.0,2.5,3.6731409960017998,0.5277777777777778,16580.883911111017,16125.554166262951,-455.3297448480662,33044.92837270624,36177.359151120865,3132.430778414622,0.04870867049945728,-0.006396265742654735,-0.05510493624211201
B,530.0,2.5,3.6717344268258523,0.5263888888888889,16541.401651456817,16086.071332138925,-455.33031931789264,33083.69589609397,36235.114678067235,3151.418781973269,0.04871118865391815,-0.006398022425663761,-0.055109211079581916
B,540.0,2.5,3.670341093965735,0.525,16501.919234840483,16046.586749665546,-455.33248517493666,33122.767562341236,36292.63758800757,3169.870025666336,0.048713923214833164,-0.0063997951673080864,-0.05511371838214125
B,550.0,2.5,3.668961150520362,0.5236111111111111,16462.434831216888,16007.103334389583,-455.33149682730436,33162.136822320535,36349.92545581194,3187.7886334914074,0.048716874099667275,-0.006401583666964669,-0.05511845776663194
B,560.0,2.5,3.667594329491868,0.5222222222222223,16422.950931337844,15967.619262190283,-455.3316691475611,33201.7969514128,36406.992724470714,3205.195773057916,0.04872004156428082,-0.006403388157461777,-0.0551234297217426
B,570.0,2.5,3.666240543015483,0.5208333333333334,16383.468792534846,15928.13472073436,-455.3340718004856,33241.741287088065,36463.84586523417,3222.104578146107,0.04872342573574021,-0.006405208638455876,-0.05512863437419609
B,580.0,2.5,3.6648997094385867,0.5194444444444445,16343.989007953223,15888.650079497023,-455.33892845619994,33281.96324426659,36520.490532996984,3238.5272887303945,0.0487270267290668,-0.006407045093825986,-0.05513407182289279
B,590.0,2.5,3.663571709059891,0.5180555555555556,16304.509494128835,15849.165629896754,-455.3438642320816,33322.456455614214,36576.933469606454,3254.4770139922402,0.048730844668093076,-0.0064088975528465,-0.05513974222093958
B,600.0,2.5,3.662256970882321,0.5166666666666667,16265.029014206306,15809.681599175272,-455.34741503103396,33363.247864720644,36633.15714263937,3269.9092779187267,0.04873487968615713,-0.0064107652447838205,-0.05514564493094096
B,600.0000000000001,0.0,3.717402615813262,0.5166666666666667,16265.029014206306,15809.681599175272,-455.34741503103396,33363.247864720644,36633.15714263937,3269.9092779187267,0.0,0.0,0.0
B,610.0,0.0,3.7252614097816132,0.5166666666666667,16241.073184805753,15929.847652204588,-311.22553260116547,33386.19965200436,36299.71602959301,2913.5163775886467,0.0,0.0,0.0
B,620.0,0.0,3.7299237605735516,0.5166666666666667,16219.390378297878,15970.52092384811,-248.86945444976845,33408.64715332357,36107.01959117841,2698.372437854843,0.0,0.0,0.0
B,630.0,0.0,3.7332510788262536,0.5166666666666667,16199.648879181108,15995.90634302989,-203.7425361512178,33430.736120904716,35971.55473118693,2540.8186102822146,0.0,0.0,0.0
B,640.0,0.0,3.735871849824502,0.5166666666666667,16181.883573413425,16013.983254734601,-167.90031867882317,33452.53786395464,35865.91615173504,2413.378287780397,0.0,0.0,0.0
B,650.0,0.0,3.7380475124252523,0.5166666666666667,16166.189497537373,16027.538023922898,-138.65147361447453,33474.09275913336,35778.85424391472,2304.76148478136,0.0,0.0,0.0
B,660.0,0.0,3.7399158901941703,0.5166666666666667,16152.574611493113,16038.058053685567,-114.51655780754663,33495.42613575324,35704.50498089763,2209.078845144395,0.0,0.0,0.0
B,660.0000000000001,5.0,3.648791149122322,0.5166666666666667,16152.574611493113,16038.058053685567,-114.51655780754663,33495.42613575324,35704.50498089763,2209.078845144395,0.07845514552705961,-0.012669595544788336,-0.09112474107184794
B,670.0,5.0,3.6311881948622786,0.513888888888889,16109.885274384718,15726.998479821425,-382.88679456329373,33552.68242991218,36418.58212885763,2865.8996989454536,0.0784914573986861,-0.012710673217509542,-0.09120213061619564
B,680.0,5.0,3.620980438565096,0.5111111111111112,16064.445752892623,15573.475276674511,-490.9704762181118,33611.257520916006,36857.92710310528,3246.6695821892718,0.0785154993608259,-0.012739414981473452,-0.09125491434229935
B,690.0,5.0,3.6136523884545824,0.5083333333333334,16016.709394318905,15449.084772949584,-567.6246213693212,33670.853999313105,37188.3215909677,3517.4675916545966,0.0785379575553217,-0.012762808014043454,-0.09130076556936514
B,700.0,5.0,3.6077840465699667,0.5055555555555556,15966.386475100091,15338.406063822908,-627.9804112771835,33731.32100425496,37463.38347130244,3732.062467047479,0.0785601889359123,-0.012783467656898344,-0.09134365659281064
B,710.0,5.0,3.602798836059569,0.5027777777777779,15913.086078004435,15235.892598121738,-677.1934798826969,33792.56697740477,37705.084542698096,3912.517565293325,0.07858267516055643,-0.012802522620997217,-0.09138519778155366
B,720.0,5.0,3.598406897412055,0.5000000000000001,15856.6078605443,15138.79906627794,-717.8087942663606,33854.529160362115,37924.522152910016,4069.992992547901,0.07860565820053891,-0.012820561910741749,-0.09142622011128067
B,730.0,5.0,3.5944471127477793,0.49722222222222234,15796.99346683759,15045.592728392308,-751.4007384452816,33917.16174516453,38127.79785313727,4210.636107972743,0.0786292687703401,-0.012837908223410927,-0.09146717699375102
B,740.0,5.0,3.59081609855963,0.4944444444444446,15734.464968357841,14955.26571033111,-779.1992580267306,33980.429030053296,38318.82816128339,4338.399131230093,0.07865360123648013,-0.012854773307172954,-0.09150837454365308
B,750.0,5.0,3.587443534331542,0.4916666666666668,15669.332830462856,14867.137241984101,-802.1955884787549,34044.30217793734,38500.271533592,4455.969355654663,0.07867872287052037,-0.012871303501665475,-0.09155002637218584
B,760.0,5.0,3.5842802957576536,0.48888888888888904,15601.931005925357,14780.728023266729,-821.2029826586277,34108.75748082833,38673.95892478366,4565.201443955331,0.07870468376072452,-0.01288759906382161,-0.09159228282454614
B,770.0,5.0,3.5812906847337675,0.48611111111111127,15532.589789875448,14695.691078576381,-836.8987112990671,34173.77528431678,38841.19569422048,4667.4204099037015,0.07873152203321752,-0.012903730390166051,-0.09163525242338358
B,780.0,5.0,3.5784473488911015,0.4833333333333335,15461.61279227355,14611.76184675354,-849.850945520011,34239.339123626894,39002.971062520555,4763.631938893661,0.07875926981175198,-0.012919750964115982,-0.09167902077586795
B,790.0,5.0,3.575728401029275,0.48055555555555574,15389.264555171292,14528.728206050806,-860.5363491204862,34305.4351768537,39160.07632407158,4854.641147217881,0.0787879571149908,-0.012935704769355131,-0.09172366188434593
B,800.0,5.0,3.5731162320157734,0.47777777777777797,15315.771166074517,14446.420920750248,-869.350245324269,34372.05205961077,39313.14248865939,4941.090429048621,0.07881761117242868,-0.012951627329653085,-0.09176923850208177
B,810.0,5.0,3.570596482301944,0.4750000000000002,15241.326431270722,14364.704559301812,-876.6218719689095,34439.18064266625,39462.67770550454,5023.497062838287,0.07884825655229191,-0.01296754747463996,-0.09181580402693187
B,820.0,5.0,3.568157497155151,0.47222222222222243,15166.093342597258,14283.473637633771,-882.6197049634866,34506.813970988485,39609.08235790258,5102.2683869140965,0.07887991410551508,-0.012983487318291893,-0.09186340142380697
B,830.0,5.0,3.565789115123091,0.46944444444444466,15090.21122723532,14202.637005262548,-887.5742219727726,34574.94685160451,39752.71017307035,5177.763321465842,0.07891260514346611,-0.012999467711452464,-0.09191207285491858
B,840.0,5.0,3.5634835400520513,0.4666666666666669,15013.788493892042,14122.133894207745,-891.654599684296,34643.57620035134,39893.80443209943,5250.228231748093,0.07894634351906353,-0.013015500277085217,-0.09196184379614875
B,850.0,5.0,3.561233155013392,0.46388888888888913,14936.921614301842,14041.900962579695,-895.0206517221468,34712.70007716231,40032.62661163577,5319.9265344734595,0.07898114792774141,-0.01303160112158087,-0.09201274904932229
B,860.0,5.0,3.5590316703377765,0.46111111111111136,14859.68865402933,13961.891266911989,-897.7973871173417,34782.31789299985,40169.37963867213,5387.061745672283,0.07901703345149025,-0.01304778183873238,-0.09206481529022263
B,870.0,5.0,3.5568732973257844,0.4583333333333336,14782.1556343657,13882.062154481426,-900.0934798842736,34852.430104974126,40304.2554974187,5451.825392444574,0.07905401605956354,-0.013064054596426497,-0.09211807065599004
B,880.0,5.0,3.5547534320368186,0.4555555555555558,14704.367720896596,13802.387743712956,-901.9799771836406,34923.03864135438,40437.387391204276,5514.348749849894,0.0790921062460547,-0.01308042605164993,-0.09217253229770463
B,890.0,5.0,3.5526670788111763,0.45277777777777806,14626.380275801474,13722.831075751572,-903.5492000499016,34994.144668865505,40568.94873129981,5574.804062434305,0.07913132173487003,-0.01309690917315536,-0.09222823090802539
B,900.0,5.0,3.550610947943579,0.4500000000000003,14548.215331642079,13643.383249885499,-904.83208175658,35065.75176497177,40699.01404927111,5633.262284299337,0.07917166815298918,-0.013113505789553368,-0.09228517394254254
B,910.0,5.0,3.5485810788648857,0.4472222222222225,14469.90847618454,13564.020211421352,-905.888264763189,35137.86202043433,40827.71205797208,5689.850037537748,0.07921315986394534,-0.01313022550286302,-0.09234338536680836
B,920.0,5.0,3.546574257698444,0.44444444444444475,14391.483178105209,13484.72899328164,-906.7541848235687,35210.478251916255,40955.131196596674,5744.65294468042,0.07925580680432279,-0.013147073713582239,-0.09240288051790503
B,930.0,5.0,3.544587600791505,0.441666666666667,14312.957293527168,13405.500562722134,-907.4567308050337,35283.60323503456,41081.345237484085,5797.742002449522,0.07929961767172619,-0.013164054628805636,-0.09246367230053183
B,940.0,5.0,3.5426180453652822,0.4388888888888892,14234.350267199177,13326.32078445874,-908.0294827404377,35357.238761277964,41206.44615327592,5849.207391997959,0.07934460483989023,-0.013181175628830118,-0.09252578046872034
B,950.0,5.0,3.540662856913471,0.43611111111111145,14155.679712136625,13247.179439250414,-908.500272886211,35431.3863576972,41330.50913371881,5899.122776021613,0.07939077942779929,-0.013198442569909161,-0.09258922199770846
B,960.0,5.0,3.538719440945388,0.4333333333333337,14076.959252071023,13168.067579378872,-908.8916726921507,35506.04693014577,41453.60419558103,5947.557265435258,0.07943815261644231,-0.01321586124817524,-0.09265401386461755
B,960.0000000000001,0.0,3.6313734548100056,0.4333333333333336,14076.959252071023,13168.067579378872,-908.8916726921507,35506.04693014577,41453.60419558103,5947.557265435258,0.0,0.0,0.0
B,970.0,0.0,3.6411217321026856,0.4333333333333336,14029.244886967062,13408.370913984365,-620.8739729826975,35545.093020055196,40796.7213320626,5251.628312007408,0.0,0.0,0.0
B,980.0,0.0,3.6467320749268035,0.4333333333333336,13986.042917645074,13489.484179365934,-496.55873827914,35583.13937956466,40420.957484479884,4837.818104915226,0.0,0.0,0.0
B,990.0,0.0,3.6507134219552797,0.4333333333333336,13946.694138426168,13540.241811096994,-406.4523273291743,35620.48957539963,40159.09154847264,4538.601973073011,0.0,0.0,0.0
B,1000.0,0.0,3.6538404781886964,0.4333333333333336,13911.276312266269,13576.267292321989,-335.0090199442802,35657.29693860154,39956.58311370925,4299.286175107707,0.0,0.0,0.0
B,1010.0,0.0,3.656437393104338,0.4333333333333336,13879.978862274107,13603.351165869535,-276.6276964045719,35693.652772920075,39790.66687385757,4097.014100937493,0.0,0.0,0.0
B,1020.0,0.0,3.6586700482586005,0.4333333333333336,13852.82203208419,13624.369918401786,-228.45211368240416,35729.617023871906,39649.73392871195,3920.1169048400407,0.0,0.0,0.0
B,1030.0,0.0,3.660631445799781,0.4333333333333336,13829.606310602347,13640.979346302076,-188.62696430027063,35765.23056033596,39527.27127601298,3762.0407156770234,0.0,0.0,0.0
B,1040.0,0.0,3.6623834424833603,0.4333333333333336,13809.974740438101,13654.291787152475,-155.68295328562635,35800.522426942676,39418.9772037372,3618.454776794526,0.0,0.0,0.0
B,1050.0,0.0,3.663968067482796,0.4333333333333336,13793.504162159918,13665.061056119332,-128.44310604058592,35835.51302555309,39321.93678256987,3486.4237570167825,0.0,0.0,0.0
B,1060.0,0.0,3.6654147663289067,0.4333333333333336,13779.76385541083,13673.82624777842,-105.93760763241153,35870.216136084484,39234.109190710136,3363.8930546256524,0.0,0.0,0.0
B,1070.0,0.0,3.666744929666651,0.4333333333333336,13768.342629850387,13680.983385342848,-87.35924450753919,35904.6402017256,39154.0110824119,3249.3708806862996,0.0,0.0,0.0
B,1080.0,0.0,3.6679752790004074,0.4333333333333336,13758.871606997578,13686.8409837588,-72.03062323877748,35938.78944907374,39080.48882290027,3141.69937382653,0.0,0.0,0.0
B,1090.0,0.0,3.6691193416248975,0.4333333333333336,13751.032369495433,13691.646645040662,-59.38572445477075,35972.6645653984,39012.615940878175,3039.9513754797736,0.0,0.0,0.0
B,1100.0,0.0,3.670187922074968,0.4333333333333336,13744.55327962201,13695.596680553057,-48.95659906895344,36006.263070326575,38949.654737802775,2943.3916674762004,0.0,0.0,0.0
B,1110.0,0.0,3.6711899943601773,0.4333333333333336,13739.20090495146,13698.851114686197,-40.34979026526344,36039.57984467909,38890.99640383241,2851.4165591533238,0.0,0.0,0.0
B,1120.0,0.0,3.672132430353628,0.4333333333333336,13734.782490299816,13701.531416377798,-33.251073922017895,36072.60706489438,38836.17077258008,2763.563707685702,0.0,0.0,0.0
B,1130.0,0.0,3.6730212646820624,0.4333333333333336,13731.135438147641,13703.740288407611,-27.39514974003032,36105.33497311047,38784.76908947366,2679.4341163631907,0.0,0.0,0.0
B,1140.0,0.0,3.673861507794362,0.4333333333333336,13728.125418284897,13705.560152862166,-22.56526542273059,36137.752063256376,38736.45192819324,2598.6998649368616,0.0,0.0,0.0
B,1150.0,0.0,3.674657337671108,0.4333333333333336,13725.643890163657,13707.056637572527,-18.58725259113089,36169.84526491473,38690.93579341098,2521.09052849625,0.0,0.0,0.0
B,1160.0,0.0,3.675413120987963,0.4333333333333336,13723.591019575531,13708.295024202618,-15.29599537291324,36201.60131434121,38647.93419957448,2446.3328852332706,0.0,0.0,0.0
B,1170.0,0.0,3.6761315160040113,0.4333333333333336,13721.903055526747,13709.311438544135,-12.591616982612322,36233.00457721868,38607.26247099274,2374.257893774062,0.0,0.0,0.0
B,1180.0,0.0,3.6768162629297403,0.4333333333333336,13720.502531659688,13710.157352436863,-10.3451792228243,36264.04137166027,38568.68099652952,2304.639624869247,0.0,0.0,0.0
B,1190.0,0.0,3.677469131058504,0.4333333333333336,13719.351522832334,13710.851745817647,-8.499777014687425,36294.69530280297,38532.06379859309,2237.3684957901205,0.0,0.0,0.0
B,1200.0,0.0,3.6780924142541878,0.4333333333333336,13718.407146706242,13711.420885498568,-6.986261207674033,36324.951484450525,38497.25934537883,2172.307860928304,0.0,0.0,0.0
B,1210.0,0.0,3.6786883545781524,0.4333333333333336,13717.630144759958,13711.889506360956,-5.740638399001909,36354.79577504694,38464.122318518945,2109.3265434720015,0.0,0.0,0.0
B,1220.0,0.0,3.6792583914200487,0.4333333333333336,13716.996176225777,13712.26951568893,-4.726660536847703,36384.213742759894,38432.5540040503,2048.340261290403,0.0,0.0,0.0
B,1230.0,0.0,3.679804458065277,0.4333333333333336,13716.478088600223,13712.579860896018,-3.8982277042050555,36413.192824259335,38402.431193656535,1989.2383693972006,0.0,0.0,0.0
B,1240.0,0.0,3.680328162610554,0.4333333333333336,13716.051757460698,13712.83478485971,-3.216972600988811,36441.721302607955,38373.65065018325,1931.929347575293,0.0,0.0,0.0
B,1250.0,0.0,3.680830696286414,0.4333333333333336,13715.704665418889,13713.041646589932,-2.6630188289564103,36469.78789207722,38346.13345947555,1876.3455673983335,0.0,0.0,0.0
B,1260.0,0.0,3.681313571442515,0.4333333333333336,13715.417601714307,13713.213290674476,-2.2043110398317367,36497.38352031372,38319.78516082093,1822.4016405072107,0.0,0.0,0.0
B,1270.0,0.0,3.6817779194282196,0.4333333333333336,13715.179176143924,13713.356656214228,-1.8225199296957726,36524.49964720059,38294.53325215543,1770.0336049548423,0.0,0.0,0.0
B,1280.0,0.0,3.6822246569799297,0.4333333333333336,13714.981922429442,13713.475649742662,-1.5062726867799938,36551.128767747905,38270.317935803105,1719.1891680551998,0.0,0.0,0.0
B,1290.0,0.0,3.682654744258684,0.4333333333333336,13714.817449745333,13713.575322972003,-1.242126773329801,36577.26505570653,38247.078223064884,1669.8131673583557,0.0,0.0,0.0
B,1300.0,0.0,3.6830690072986916,0.4333333333333336,13714.680664588024,13713.658616298615,-1.0220482894092129,36602.90319547384,38224.76122328257,1621.858027808732,0.0,0.0,0.0
B,1310.0,0.0,3.683468119391105,0.4333333333333336,13714.567905968986,13713.726833274446,-0.841072694540344,36628.039456619204,38203.323006236344,1575.2835496171392,0.0,0.0,0.0
B,1320.0,0.0,3.6838529701196783,0.4333333333333336,13714.473853255182,13713.784521236073,-0.6893320191084058,36652.67091035073,38182.709032864674,1530.0381225139427,0.0,0.0,0.0
B,1330.0,0.0,3.6842241472881065,0.4333333333333336,13714.396242397172,13713.832283969381,-0.5639584277905669,36676.79592387749,38162.88140326344,1486.085479385947,0.0,0.0,0.0
B,1340.0,0.0,3.684582234257992,0.4333333333333336,13714.332674647221,13713.87101173282,-0.46166291440204077,36700.41395552808,38143.80306949477,1443.3891139666885,0.0,0.0,0.0
B,1350.0,0.0,3.684927810584449,0.4333333333333336,13714.281109006537,13713.901837486355,-0.37927152018164634,36723.52534189517,38125.43776080977,1401.9124189146023,0.0,0.0,0.0
B,1360.0,0.0,3.685261553942678,0.4333333333333336,13714.23977887796,13713.927457411895,-0.3123214660645317,36746.13088920012,38107.7446421606,1361.613752960482,0.0,0.0,0.0
B,1370.0,0.0,3.6855839126351095,0.4333333333333336,13714.206462217451,13713.94797353679,-0.25848868066168507,36768.23322841845,38090.695356689015,1322.462128270563,0.0,0.0,0.0
B,1380.0,0.0,3.685895371746034,0.4333333333333336,13714.178647142917,13713.964323694736,-0.21432344818094862,36789.83572745159,38074.260064567985,1284.4243371163975,0.0,0.0,0.0
B,1390.0,0.0,3.6861964053081433,0.4333333333333336,13714.156718852613,13713.977117972046,-0.17960088056679524,36810.94148761772,38058.40987707531,1247.4683894575937,0.0,0.0,0.0
B,1400.0,0.0,3.686487463070763,0.4333333333333336,13714.140150219066,13713.987072411861,-0.15307780720468145,36831.55463792702,38043.11755242549,1211.5629144984632,0.0,0.0,0.0
B,1410.0,0.0,3.6867689691975407,0.4333333333333336,13714.126215352317,13713.995185236397,-0.13103011591920222,36851.68071290386,38028.357541977675,1176.6768290738182,0.0,0.0,0.0
B,1420.0,0.0,3.6870413399054414,0.4333333333333336,13714.112782613991,13714.002488743961,-0.11029387002963631,36871.325551489295,38014.10501866294,1142.7794671736483,0.0,0.0,0.0
B,1430.0,0.0,3.6873048724854427,0.4333333333333336,13714.103186084478,13714.00784190551,-0.09534417896793457,36890.49407798882,38000.341495671586,1109.8474176827658,0.0,0.0,0.0
B,1440.0,0.0,3.687559956855068,0.4333333333333336,13714.094863673763,13714.0124263695,-0.08243730426329421,36909.19313963435,37987.044043284186,1077.8509036498363,0.0,0.0,0.0
B,1450.0,0.0,3.6878069334748713,0.4333333333333336,13714.087173521344,13714.016663130984,-0.07051039036014117,36927.429427590076,37974.19249583067,1046.7630682405943,0.0,0.0,0.0
B,1460.0,0.0,3.68804611193736,0.4333333333333336,13714.07987014944,13714.020728047431,-0.05914210200899106,36945.20995450845,37961.768486502006,1016.5585319935562,0.0,0.0,0.0
B,1470.0,0.0,3.6882777459496094,0.4333333333333336,13714.073667869929,13714.024202471195,-0.04946539873344591,36962.54206710583,37949.75669506952,987.2146279636872,0.0,0.0,0.0
B,1480.0,0.0,3.6885021305102725,0.4333333333333336,13714.06815810262,13714.027356085044,-0.04080201757642499,36979.433108998,37938.13987456411,958.7067655661158,0.0,0.0,0.0
B,1490.0,0.0,3.6887195253565244,0.4333333333333336,13714.06349730982,13714.030103885398,-0.03339342442268389,36995.89058190724,37926.902742796156,931.0121608889167,0.0,0.0,0.0
B,1500.0,0.0,3.6889301754404773,0.4333333333333336,13714.059477735933,13714.032545583721,-0.026932152211884386,37011.92268640481,37916.03094027841,904.1082538736009,0.0,0.0,0.0
B,1510.0,0.0,3.689134314050026,0.4333333333333336,13714.056014540116,13714.034696326014,-0.021318214101484045,37027.53757452439,37905.510838051094,877.9732635267064,0.0,0.0,0.0
B,1520.0,0.0,3.6893321647911184,0.4333333333333336,13714.053267943731,13714.03641810634,-0.016849837391418987,37042.74310890151,37895.32941999445,852.5863110929422,0.0,0.0,0.0
B,1530.0,0.0,3.6895239419005557,0.4333333333333336,13714.051238147807,13714.037641669356,-0.01359647845129075,37057.54735481166,37885.47427200894,827.9269171972846,0.0,0.0,0.0
B,1540.0,0.0,3.6897098553271244,0.4333333333333336,13714.049757332736,13714.038504320513,-0.011253012222368852,37071.95880042794,37875.93332160167,803.9745211737245,0.0,0.0,0.0
B,1550.0,0.0,3.689890109498188,0.4333333333333336,13714.048579825834,13714.039174920355,-0.009404905478731962,37085.98590236978,37866.69488241644,780.7089800466638,0.0,0.0,0.0
B,1560.0,0.0,3.690064215795507,0.4333333333333336,13714.047559241537,13714.039773689912,-0.007785551624692744,37099.59124146273,37857.782812880076,758.1915714173447,0.0,0.0,0.0
B,1560.0000000000002,2.5,3.6343387384111074,0.4333333333333336,13714.047559241537,13714.039773689912,-0.007785551624692744,37099.59124146273,37857.782812880076,758.1915714173447,0.049268357435853956,-0.006457119948545431,-0.05572547738439939
B,1570.0,2.5,3.626778347935143,0.43194444444444474,13698.521700231093,13554.39027696229,-144.1314232688037,37130.94004537249,38238.618345520656,1107.6783001481672,0.04933568277048965,-0.006473811170442851,-0.0558094939409325
B,1580.0,2.5,3.6222230324868034,0.43055555555555586,13680.722325009614,13474.294280505772,-206.4280445038421,37162.68626686683,38478.75017193017,1316.06390506334,0.04937095621326115,-0.006484909930916522,-0.055855866144177674
B,1590.0,2.5,3.6188232679546637,0.429166666666667,13660.982694839793,13409.32375349195,-251.6589413478432,37194.68591464749,38661.9628815906,1467.2769669431145,0.049400309079259026,-0.006493681488343043,-0.05589399056760207
B,1600.0,2.5,3.616024852295709,0.4277777777777781,13639.265686389408,13351.799519548027,-287.466166841381,37226.87030236549,38815.15571053025,1588.2854081647602,0.049426854565789886,-0.006501219929748579,-0.055928074495538466
B,1610.0,2.5,3.613593157919387,0.4263888888888892,13615.476970921194,13298.765741008328,-316.71122991286575,37259.20080519377,38949.92476550466,1690.72396031089,0.04945179345303865,-0.006508007023850124,-0.055959800476888776
B,1620.0,2.5,3.611410257302242,0.4250000000000003,13589.609348303213,13248.74751938617,-340.86182891704266,37291.654157967896,39072.13613460472,1780.4819766368237,0.049475725498212116,-0.006514288474126927,-0.05599001397233904
B,1630.0,2.5,3.609411213196813,0.42361111111111144,13561.765027078483,13200.942869043802,-360.8221580346817,37324.216355827375,39185.00686759631,1860.790511768937,0.049498973147656285,-0.006520197816878943,-0.05601917096453523
B,1640.0,2.5,3.607552944326538,0.42222222222222255,13532.123697394049,13154.793175906558,-377.33052148749084,37356.878937627785,39290.68381419506,1933.804876567272,0.049521764921358215,-0.006525825241888038,-0.05604759016324625
B,1650.0,2.5,3.6058055548984296,0.42083333333333367,13500.897069980123,13109.911878653327,-390.98519132679576,37389.637242941986,39390.66414996601,2001.0269070240247,0.049544260448316974,-0.006531234250793942,-0.05607549469911092
B,1660.0,2.5,3.604148580267852,0.4194444444444448,13468.301670432664,13066.03423835547,-402.267432077193,37422.48963006473,39485.96492161638,2063.475291551651,0.04956656895318674,-0.00653646750244033,-0.05610303645562707
B,1670.0,2.5,3.602567087302475,0.4180555555555559,13434.544242155514,13022.964329547653,-411.57991260786184,37455.436779714204,39577.32355343736,2121.886773723156,0.049588771916573085,-0.006541555687784674,-0.05613032760435776
B,1680.0,2.5,3.6010493386338065,0.416666666666667,13399.809751911633,12980.546747004255,-419.26300490737776,37488.48112003885,39665.3207987914,2176.839678752549,0.049610935263810906,-0.00654652318199555,-0.056157458445806455
B,1690.0,2.5,3.599585839479909,0.41527777777777813,13364.257560399992,12938.656464996315,-425.6010954036774,37521.62649911597,39750.42820705172,2228.8017079357523,0.0496331132002982,-0.006551390029961627,-0.05618450323025983
B,1700.0,2.5,3.598168926553057,0.41388888888888925,13328.024168971775,12897.193829051808,-430.8303399199667,37554.87799020933,39833.02589867185,2278.147908462517,0.04965534977060453,-0.006556172476558907,-0.05621152224716344
B,1710.0,2.5,3.596792506486172,0.41250000000000037,13291.224965835354,12856.081352993446,-435.1436128419082,37588.24181657385,39913.41313658604,2325.1713200121885,0.049677679682148194,-0.006560883190989022,-0.056238562873137214
B,1720.0,2.5,3.5954513735925557,0.4111111111111115,13253.9588326466,12815.253549740553,-438.7052829060467,37621.72503470227,39991.84624231081,2370.1212076085358,0.04970013314315999,-0.006565533195928844,-0.05626566633908883
B,1730.0,2.5,3.5941416098147956,0.4097222222222226,13216.304110690977,12774.66472820521,-441.63938248576596,37655.33574402021,40068.511386265076,2413.175642244867,0.04972273106878131,-0.0065701300445380265,-0.05629286111331934
B,1740.0,2.5,3.5928594819498096,0.4083333333333337,13178.329080623667,12734.271127521475,-444.0579531021922,37689.082437238714,40143.590439042324,2454.5080018036097,0.04974549452818963,-0.0065746815743808786,-0.05632017610257051
B,1750.0,2.5,3.591601688778692,0.40694444444444483,13140.092884144464,12694.03532937291,-446.05755477155435,37722.97385497828,40217.24459845045,2494.270743472174,0.049768442143570846,-0.006579194866107865,-0.05634763700967871
B,1760.0,2.5,3.5903655972555195,0.40555555555555595,13101.639938592645,12653.930516671211,-447.7094219214341,37757.019418055235,40289.59850099097,2532.5790829357356,0.04979158740160349,-0.006583675172088891,-0.05637526257369238
B,1770.0,2.5,3.589148975600592,0.40416666666666706,13063.005592963946,12613.936024960247,-449.0695680036988,37791.228765168256,40360.75572976666,2569.526964598401,0.04981494090699126,-0.006588126762986401,-0.056403067669977665
B,1780.0,2.5,3.587949322101579,0.4027777777777782,13024.228420943673,12574.02575089578,-450.20267004789275,37825.61078322876,40430.840157699036,2605.2293744702765,0.049838517061799495,-0.006592555478513691,-0.05643107254031319
B,1790.0,2.5,3.5867654374191833,0.4013888888888893,12985.3225534724,12534.19568961669,-451.1268638557103,37860.17575767172,40499.8969104809,2639.7211528091793,0.0498623177043308,-0.00659696243308839,-0.05645928013741919
B,1800.0,2.5,3.5855951927008545,0.4000000000000004,12946.316848040839,12494.42484984631,-451.89199819452915,37894.932098946076,40568.03173012637,2673.0996311802955,0.049886355112883765,-0.0066013527891118804,-0.05648770790199564
B,1810.0,2.5,3.584437327920613,0.3986111111111115,12907.22491438362,12454.706815204092,-452.5180991795278,37929.888893182535,40635.29782601551,2705.408932832972,0.04991063318920846,-0.006605728545207052,-0.05651636173441551
B,1820.0,2.5,3.5832906172187338,0.39722222222222264,12868.059052767203,12415.035163850089,-453.02388891711416,37965.05461153723,40701.74790067773,2736.6932891405013,0.049935156023335064,-0.006610091803615117,-0.05654524782695018
B,1830.0,2.5,3.5821535885197564,0.39583333333333376,12828.834547573224,12375.39859489512,-453.4359526781045,38000.436618273976,40767.4517312821,2767.0151130081213,0.04995993095825066,-0.0066144459369761885,-0.05657437689522685
B,1840.0,2.5,3.5810250669817374,0.3944444444444449,12789.563093399667,12335.790197645696,-453.77289575397117,38036.04192044322,40832.46155251175,2796.4196320685296,0.049984962870570464,-0.006618793312427281,-0.05660375618299775
B,1850.0,2.5,3.5799040762819248,0.393055555555556,12750.251118480563,12296.20627861662,-454.0448398639419,38071.877103221166,40896.818212437116,2824.94110921595,0.05001025477397242,-0.006623135654046724,-0.05663339042801914
B,1860.0,2.5,3.5787895195365853,0.3916666666666671,12710.908535692786,12256.640192488956,-454.2683432038302,38107.94760529262,40960.57105510775,2852.6234498151316,0.05003581171489191,-0.006627475366792355,-0.05666328708168426
B,1870.0,2.5,3.577680419537141,0.3902777777777782,12671.543084545709,12217.086902846477,-454.4561816992318,38144.25825687885,41023.762665820344,2879.504408941495,0.0500616378834327,-0.00663181450870403,-0.05669345239213673
B,1880.0,2.5,3.576576068838043,0.38888888888888934,12632.15682623065,12177.545851844294,-454.61097438635625,38180.81371286737,41086.41927664054,2905.6055637731697,0.05008773465453567,-0.0066361541024580525,-0.056723888756993725
B,1890.0,2.5,3.5754756536502685,0.38750000000000046,12592.755349431734,12138.01380432369,-454.7415451080451,38217.61728648182,41148.574352074516,2930.9570655926946,0.05011410522969733,-0.0066404957407330415,-0.05675460097043037
B,1900.0,2.5,3.5743784619772834,0.38611111111111157,12553.34099057102,12098.489222745819,-454.851767825201,38254.672210992176,41210.255551654496,2955.5833406623206,0.0501407517675787,-0.0066448406848645175,-0.05678559245244322
B,1910.0,2.5,3.5732838738409467,0.3847222222222227,12513.915368650301,12058.971600363528,-454.9437682867738,38291.980845311264,41271.48509018824,2979.5042448769746,0.05016767578116325,-0.00664918987298787,-0.056816865654151116
B,1920.0,2.5,3.5721912940141634,0.3833333333333338,12474.479694711561,12019.460508157354,-455.0191865542074,38329.54497411586,41332.28404233744,3002.7390682215773,0.05019487876097869,-0.0066535442132647695,-0.05684842297424346
B,1930.0,2.5,3.5711000771748704,0.3819444444444449,12435.035972683148,11979.954352261795,-455.08162042135336,38367.36586657511,41392.677077012035,3025.311210436921,0.050222363041581404,-0.006657904923541364,-0.05688026796512277
B,1940.0,2.5,3.570009672636741,0.38055555555555604,12395.584805929775,11940.452804150631,-455.13200177914405,38405.44418326826,41452.68316870705,3047.2389854387948,0.050250130127062594,-0.006662272862821548,-0.05691240298988414
B,1950.0,2.5,3.568919536229142,0.37916666666666715,12356.127287805928,11900.955267770914,-455.1720200350137,38443.78005778702,41512.3211610728,3068.541103285781,0.05027818173990568,-0.006666648924293509,-0.056944830664199184
B,1960.0,2.5,3.567829108972748,0.37777777777777827,12316.664859131852,11861.460598753596,-455.20426037825564,38482.37309305478,41571.61111957418,3089.2380265194006,0.050306520033605764,-0.006671034135275582,-0.056977554168881346
B,1970.0,2.5,3.566737901651489,0.3763888888888894,12277.19788929425,11821.968569809931,-455.2293194843187,38521.22248064865,41630.568934550756,3109.346453902108,0.05033514654565779,-0.006675429256799307,-0.057010575802457095
B,1980.0,2.5,3.565645553049285,0.3750000000000005,12237.72451332639,11782.480903025284,-455.24361030110595,38560.327102813506,41689.202648834056,3128.8755460205502,0.050364061404529904,-0.006679834494362812,-0.057043895898892714
B,1990.0,2.5,3.5645515190175483,0.3736111111111116,12198.247076751535,11742.99578130187,-455.2512954496651,38599.68516485269,41747.5320653783,3147.8469005256047,0.05039326733762094,-0.006684250965313409,-0.057077518302934345
B,2000.0,2.5,3.563455275601462,0.37222222222222273,12158.767943681056,11703.511460953148,-455.2564827279075,38639.29448400727,41805.575876275434,3166.281392268167,0.05042276709054302,-0.006688679747378439,-0.05711144683792146
B,2010.0,2.5,3.5623562483075344,0.37083333333333385,12119.29098223269,11664.025036504965,-455.2659457277241,38679.15242800706,41863.356083450955,3184.2036554438964,0.05045256436203115,-0.006693122216614402,-0.057145686578645556
B,2020.0,2.5,3.5612544429156756,0.36944444444444496,12079.80677103258,11624.543829526368,-455.26294150621106,38719.25703345926,41920.85864433345,3201.6016108741896,0.05048265512564116,-0.006697576996789962,-0.05718023212243112
B,2030.0,2.5,3.560149400215289,0.3680555555555561,12040.317131975185,11585.06650651486,-455.25062546032495,38759.605242978156,41978.09884053924,3218.493597561086,0.050513041848719485,-0.006702044975494243,-0.05721508682421373
B,2040.0,2.5,3.559040515703609,0.3666666666666672,12000.82755224816,11545.588913659598,-455.238638588562,38800.19349492472,42035.101137963626,3234.907643038903,0.05054372926215436,-0.0067065278002681975,-0.05725025706242256
B,2050.0,2.5,3.557927253531177,0.3652777777777783,11961.342154823982,11506.107949950794,-455.234204873188,38841.01812643146,42091.88583325696,3250.8677068254983,0.050574721414114884,-0.00671102684371688,-0.05728574825783177
B,2060.0,2.5,3.556809120312809,0.36388888888888943,11921.864301762891,11466.62109721728,-455.24320454561166,38882.075350160725,42148.47070969864,3266.3953595379135,0.0506060220057592,-0.006715543324076544,-0.05732156532983575
B,2070.0,2.5,3.5556865757892866,0.36250000000000054,11882.37550747687,11427.14259194163,-455.23291553523995,38923.362719690325,42204.81500529563,3281.452285605308,0.05063762136319678,-0.006720073776119699,-0.057357695139316475
B,2080.0,2.5,3.5545587702694337,0.36111111111111166,11842.887967664827,11387.663142808178,-455.2248248566484,38964.87559414663,42260.95913573932,3296.083541592692,0.05066952849889183,-0.006724621236856249,-0.05739414973574808
B,2090.0,2.5,3.5534253034850165,0.3597222222222228,11803.403638521153,11348.181312826513,-455.22232569463995,39006.60995092813,42316.915920843945,3310.3059699158184,0.050701746296841876,-0.006729186578385115,-0.05743093287522699
B,2100.0,2.5,3.5522857548280617,0.3583333333333339,11763.925151729174,11308.695149711973,-455.2300020172006,39048.56167719622,42372.699649933595,3324.1379727373715,0.050734278135796486,-0.006733770823756809,-0.05746804895955329
B,2110.0,2.5,3.5511399405935284,0.356944444444445,11724.449910411193,11269.2066476765,-455.2432627346934,39090.7267651414,42428.3103770043,3337.5836118629013,0.05076712418165942,-0.00673837384689313,-0.05750549802855255
B,2120.0,2.5,3.5499878058549186,0.3555555555555561,11684.972630294838,11229.719826597438,-455.25280369739994,39133.10126917642,42483.74073750945,3350.639468333029,0.0508002828519723,-0.006742994900717423,-0.05754327775268972
B,2130.0,2.5,3.5488289066112064,0.35416666666666724,11645.497154211642,11190.231802701228,-455.2653515104139,39175.68100171174,42539.00749518028,3363.326493468543,0.05083375833966496,-0.00674763525319215,-0.05758139359285711
B,2140.0,2.5,3.547662994539679,0.35277777777777836,11606.023052201019,11150.742915472767,-455.2801367282518,39218.461939731715,42594.11584733627,3375.653907604552,0.05086755218266654,-0.006752295230323874,-0.057619847412990415
B,2150.0,2.5,3.5464898414156782,0.3513888888888895,11566.54965244156,11111.253680907983,-455.29597153357645,39261.44013999092,42649.07021456152,3387.630074570603,0.05090166577917061,-0.0067569751037962235,-0.057658640882966836
B,2160.0,2.5,3.5453095995799035,0.3500000000000006,11527.07417582717,11071.766471214643,-455.30770461252723,39304.63621087162,42703.84890264554,3399.2126917739224,0.05093609890903026,-0.006761672908093495,-0.05769777181712375
B,2160.0000000000005,0.0,3.6030073713970276,0.35000000000000053,11527.07417582717,11071.766471214643,-455.30770461252723,39304.63621087162,42703.84890264554,3399.2126917739224,0.0,0.0,0.0
B,2170.0,0.0,3.6087130555450107,0.35000000000000053,11503.122502627306,11191.951872763757,-311.17062986354904,39329.93172074542,42368.98604717278,3039.0543264273583,0.0,0.0,0.0
B,2180.0,0.0,3.611724955300788,0.35000000000000053,11481.443335545215,11232.608195987386,-248.83513955782837,39354.65506699596,42174.92885137539,2820.273784379431,0.0,0.0,0.0
B,2190.0,0.0,3.613821500954889,0.35000000000000053,11461.704553160276,11258.003492162716,-203.7010609975605,39378.954037345844,42038.09169756705,2659.137660221204,0.0,0.0,0.0
B,2200.0,0.0,3.6154452403971944,0.35000000000000053,11443.942343647119,11276.05189686007,-167.89044678704886,39402.901618440534,41931.24485753352,2528.3432390929884,0.0,0.0,0.0
B,2210.0,0.0,3.6167786173999095,0.35000000000000053,11428.24947741599,11289.625750988314,-138.62372642767514,39426.54038106705,41842.86279868542,2416.322417618372,0.0,0.0,0.0
B,2220.0,0.0,3.6179107331401377,0.35000000000000053,11414.636266520705,11300.134895293977,-114.50137122672822,39449.89712104829,41767.31101600755,2317.41389495926,0.0,0.0,0.0
B,2230.0,0.0,3.618896406931992,0.35000000000000053,11403.000072863068,11308.463734319297,-94.5363385437704,39472.99006773251,41701.13185636406,2228.1417886315467,0.0,0.0,0.0
B,2240.0,0.0,3.6197690702586844,0.35000000000000053,11393.162056390904,11315.142927909508,-78.01912848139546,39495.831481518806,41642.207136614845,2146.375655096039,0.0,0.0,0.0
B,2250.0,0.0,3.6205508359450222,0.35000000000000053,11384.906998932018,11320.537592556091,-64.3694063759267,39518.4295050704,41589.14248927134,2070.712984200938,0.0,0.0,0.0
B,2260.0,0.0,3.621258360136673,0.35000000000000053,11378.01772181325,11324.923474634688,-53.094247178562,39540.789502672225,41540.88802437614,2000.0985217039124,0.0,0.0,0.0
B,2270.0,0.0,3.6219041927757614,0.35000000000000053,11372.291228884476,11328.507325674549,-43.7839032099273,39562.9145894288,41496.65169118671,1933.7371017579062,0.0,0.0,0.0
B,2280.0,0.0,3.622497723384984,0.35000000000000053,11367.544380851277,11331.44545130504,-36.09892954623683,39584.80598097505,41455.84124730421,1871.0352663291633,0.0,0.0,0.0
B,2290.0,0.0,3.623046230449659,0.35000000000000053,11363.616352876517,11333.85918035154,-29.75717252497816,39606.46331167552,41417.9973052923,1811.5339936167802,0.0,0.0,0.0
B,2300.0,0.0,3.623555344107264,0.35000000000000053,11360.368723778874,11335.841848039641,-24.52687573923322,39627.884817478094,41382.76362761775,1754.8788101396567,0.0,0.0,0.0
B,2310.0,0.0,3.6240298794453807,0.35000000000000053,11357.685164340099,11337.472128930673,-20.213035409426084,39649.067677315,41349.835188467856,1700.7675111528588,0.0,0.0,0.0
B,2320.0,0.0,3.6244738924427757,0.35000000000000053,11355.46932932038,11338.814835859484,-16.654493460895537,39670.00808551543,41318.95428861623,1648.9462031008006,0.0,0.0,0.0
B,2330.0,0.0,3.624890755662404,0.35000000000000053,11353.640106101147,11339.922583345679,-13.717522755468963,39690.70142066154,41289.90584174202,1599.2044210804743,0.0,0.0,0.0
B,2340.0,0.0,3.625282989062641,0.35000000000000053,11352.132094828541,11340.833121313339,-11.298973515202306,39711.14216438511,41262.52743314313,1551.3852687580147,0.0,0.0,0.0
B,2350.0,0.0,3.625653167145458,0.35000000000000053,11350.88887155103,11341.584151413057,-9.304720137972254,39731.32456219818,41236.65370199921,1505.3291398010333,0.0,0.0,0.0
B,2360.0,0.0,3.626003032874081,0.35000000000000053,11349.86552976011,11342.19922920543,-7.666300554681584,39751.242134725886,41212.17046149068,1460.9283267647916,0.0,0.0,0.0
B,2370.0,0.0,3.626334501235635,0.35000000000000053,11349.023679128977,11342.704024855318,-6.319654273658671,39770.88851516117,41188.95330013214,1418.0647849709712,0.0,0.0,0.0
B,2380.0,0.0,3.626649202576512,0.35000000000000053,11348.33054400706,11343.119146953391,-5.211397053668406,39790.25714391745,41166.89550631515,1376.6383623977017,0.0,0.0,0.0
B,2390.0,0.0,3.626948480019359,0.35000000000000053,11347.760417602232,11343.460307166553,-4.3001104356790165,39809.3415912633,41145.90822781624,1336.5666365529396,0.0,0.0,0.0
B,2400.0,0.0,3.627233683047225,0.35000000000000053,11347.290170349297,11343.743096292694,-3.5470740566033783,39828.13567472683,41125.902554506654,1297.766879779825,0.0,0.0,0.0
B,2410.0,0.0,3.6275057721319532,0.35000000000000053,11346.902578668703,11343.976830219475,-2.9257484492281947,39846.63343379275,41106.81361430253,1260.1801805097857,0.0,0.0,0.0
B,2420.0,0.0,3.6277656927297017,0.35000000000000053,11346.582451488326,11344.170562848632,-2.411888639693643,39864.82937151291,41088.57776205035,1223.7483905374393,0.0,0.0,0.0
B,2430.0,0.0,3.628014213642813,0.35000000000000053,11346.318233366987,11344.330525564825,-1.9877078021618217,39882.71840176331,41071.14237270322,1188.4239709399117,0.0,0.0,0.0
B,2440.0,0.0,3.6282520848411615,0.35000000000000053,11346.100313801264,11344.4626375236,-1.6376762776635587,39900.29592211251,41054.456209001015,1154.160286888502,0.0,0.0,0.0
B,2450.0,0.0,3.6284799751556487,0.35000000000000053,11345.920803237384,11344.57167382722,-1.349129410164096,39917.55794409524,41038.473275860284,1120.9153317650416,0.0,0.0,0.0
B,2460.0,0.0,3.6286984288854107,0.35000000000000053,11345.772628087023,11344.660793507477,-1.1118345795457572,39934.501264363746,41023.155548122224,1088.6542837584784,0.0,0.0,0.0
