time_s,pack_voltage_V,minimum_cell_voltage_V,maximum_cell_voltage_V,cell_voltage_spread_V,minimum_cell_soc,maximum_cell_soc,cell_soc_spread
0.0,15.800624136037689,3.9095096089426438,3.982064065887455,0.07255445694481111,0.72,0.8,0.08000000000000007
10.0,15.762586676863474,3.9005850174999863,3.972390945979345,0.07180592847935863,0.7185224586288416,0.7986111111111112,0.0800886524822696
20.0,15.738487354827614,3.895038819818678,3.9660972051956547,0.07105838537697684,0.7170449172576832,0.7972222222222223,0.08017730496453912
30.0,15.720111712037834,3.8908086867981164,3.9612476344743626,0.07043894767624614,0.7155673758865247,0.7958333333333334,0.08026595744680864
40.0,15.704738233949353,3.8872543808289963,3.9571674746125933,0.069913093783597,0.7140898345153665,0.7944444444444445,0.08035460992907806
50.0,15.69124650452067,3.8841159364853306,3.953575405741409,0.0694594692560786,0.712612293144208,0.7930555555555556,0.08044326241134758
60.0,15.679051901486892,3.8812575025325553,3.950324291067963,0.06906678853540749,0.7111347517730496,0.7916666666666667,0.08053191489361711
70.0,15.667815422383583,3.8786011772920603,3.9473279781349504,0.06872680084289007,0.7096572104018912,0.7902777777777779,0.08062056737588663
80.0,15.65733013815959,3.8760989574652718,3.944534263223599,0.06843530575832713,0.7081796690307328,0.788888888888889,0.08070921985815616
90.0,15.647446532968818,3.873716119324226,3.941905368169651,0.06818924884542499,0.7067021276595744,0.7875000000000001,0.08079787234042568
100.0,15.63805591556691,3.8714274892084686,3.9394136245030285,0.06798613529455988,0.705224586288416,0.7861111111111112,0.0808865248226952
110.0,15.629079021736294,3.8692146866094315,3.937038904395829,0.06782421778639769,0.7037470449172577,0.7847222222222222,0.08097517730496451
120.0,15.62045609280109,3.86706380971679,3.934766066204643,0.06770225648785289,0.7022695035460993,0.7833333333333333,0.08106382978723403
130.0,15.612138858653696,3.8649634719803276,3.932582982655176,0.06761951067484828,0.7007919621749409,0.7819444444444444,0.08115248226950356
140.0,15.604086126501615,3.86290407488738,3.9304791891940356,0.06757511430665541,0.6993144208037825,0.7805555555555556,0.08124113475177308
150.0,15.596266211716875,3.8608780133581333,3.928446816522107,0.06756880316397362,0.6978368794326241,0.7791666666666667,0.0813297872340426
160.0,15.588651431665102,3.8588791892981202,3.9264785999096405,0.0675994106115203,0.6963593380614657,0.7777777777777778,0.08141843971631213
170.0,15.581219292367653,3.8569019243031,3.9245692442507525,0.06766731994765252,0.6948817966903073,0.7763888888888889,0.08150709219858165
180.0,15.57395067046753,3.8549421777189807,3.9227136496813255,0.06777147196234479,0.693404255319149,0.775,0.08159574468085107
190.0,15.566827526665156,3.852995661231661,3.920907416218198,0.0679117549865369,0.6919267139479905,0.7736111111111111,0.08168439716312059
200.0,15.55983407408185,3.851058928939391,3.9191465007582984,0.06808757181890757,0.6904491725768321,0.7722222222222223,0.08177304964539012
210.0,15.55295659803928,3.8491289299315437,3.9174274834134066,0.06829855348186298,0.6889716312056737,0.7708333333333334,0.08186170212765964
220.0,15.546182665142918,3.84720331177466,3.9157470442978424,0.06854373252318258,0.6874940898345153,0.7694444444444445,0.08195035460992917
230.0,15.539502237911584,3.8452800739785316,3.9141026551500957,0.06882258117156415,0.6860165484633569,0.7680555555555556,0.08203900709219869
240.0,15.532906187507718,3.84335771856647,3.9124918880794453,0.06913416951297524,0.6845390070921985,0.7666666666666667,0.08212765957446821
250.0,15.526386858343784,3.841435123107029,3.9109127081536097,0.06947758504658053,0.6830614657210401,0.7652777777777778,0.08221631205673774
260.0,15.519936590371207,3.839511317802113,3.9093630009171783,0.06985168311506529,0.6815839243498818,0.763888888888889,0.08230496453900715
270.0,15.513549200009855,3.837585755876995,3.9078410638277172,0.07025530795072221,0.6801063829787234,0.7625000000000001,0.08239361702127668
280.0,15.50721860432418,3.8356579418631185,3.906345229012192,0.07068728714907335,0.678628841607565,0.7611111111111112,0.0824822695035462
290.0,15.500939055785688,3.833727762875731,3.904873811848355,0.07114604897262389,0.6771513002364066,0.7597222222222223,0.08257092198581573
300.0,15.494707305339958,3.831796008450883,3.9034254126300656,0.07162940417918273,0.6756737588652482,0.7583333333333334,0.08265957446808525
310.0,15.488517995713883,3.8298624803772308,3.9019986213438975,0.07213614096666676,0.6741962174940898,0.7569444444444444,0.08274822695035466
320.0,15.482365981463456,3.8279269989557965,3.9005921212794505,0.07266512232365407,0.6727186761229313,0.7555555555555555,0.08283687943262419
330.0,15.476247494475293,3.8259907641830355,3.8992046682845514,0.07321390410151585,0.671241134751773,0.7541666666666667,0.0829255319148936
340.0,15.470163571739931,3.8240562152173956,3.897835138215956,0.07377892299856059,0.6697635933806146,0.7527777777777778,0.08301418439716313
350.0,15.464107638969196,3.8221225499335043,3.8964823985332604,0.07435984859975608,0.6682860520094562,0.7513888888888889,0.08310283687943265
360.0,15.458075071430414,3.82018970998026,3.895145411868421,0.07495570188816103,0.6668085106382978,0.75,0.08319148936170218
370.0,15.452063862117546,3.8182601075759144,3.8938231905608376,0.0755630829849232,0.6653309692671394,0.7486111111111111,0.0832801418439717
380.0,15.446076449548299,3.81633644425797,3.892514775067394,0.07617833080942393,0.6638534278959811,0.7472222222222222,0.08336879432624111
390.0,15.440106945779057,3.814418326959677,3.891219232107905,0.0768009051482279,0.6623758865248227,0.7458333333333333,0.08345744680851064
400.0,15.434152326711324,3.812506498033759,3.8899356670979635,0.07742916906420438,0.6608983451536643,0.7444444444444445,0.08354609929078016
410.0,15.42821146508166,3.810603326140203,3.8886632076473697,0.07805988150716692,0.6594208037825059,0.7430555555555556,0.08363475177304969
420.0,15.42228471169431,3.8087106517356597,3.8874009996244627,0.07869034788880303,0.6579432624113475,0.7416666666666667,0.08372340425531921
430.0,15.416369057826701,3.8068293463868517,3.886148188842056,0.07931884245520449,0.6564657210401892,0.7402777777777778,0.08381205673758862
440.0,15.410462989532348,3.804960801846753,3.8849039246148362,0.07994312276808335,0.6549881796690308,0.7388888888888889,0.08390070921985815
450.0,15.404564780021257,3.8031061280674217,3.8836673505037207,0.08056122243629904,0.6535106382978724,0.7375,0.08398936170212767
460.0,15.398673001313767,3.8012665165014115,3.882437762450513,0.08117124594910141,0.652033096926714,0.7361111111111112,0.0840780141843972
470.0,15.392786212182834,3.799443119728725,3.8812143071100187,0.08177118738129385,0.6505555555555556,0.7347222222222223,0.08416666666666672
480.0,15.386902918487092,3.7976369510059764,3.8799961278793504,0.08235917687337402,0.6490780141843971,0.7333333333333334,0.08425531914893625
490.0,15.381020984495565,3.7958483855435254,3.878782369804023,0.0829339842604977,0.6476004728132388,0.7319444444444445,0.08434397163120566
500.0,15.375138444441397,3.794078066792161,3.877572194724724,0.08349412793256317,0.6461229314420804,0.7305555555555556,0.08443262411347519
510.0,15.369253942092321,3.792326404763234,3.876364992702698,0.08403858793946384,0.644645390070922,0.7291666666666667,0.08452127659574471
520.0,15.363365235831589,3.7905935720245707,3.875159803248085,0.08456623122351425,0.6431678486997636,0.7277777777777779,0.08460992907801423
530.0,15.357470824385409,3.7888800680571078,3.8739557735888788,0.08507570553177102,0.6416903073286052,0.726388888888889,0.08469858156028376
540.0,15.351568870887704,3.787185710489044,3.872752032595939,0.08556632210689497,0.6402127659574468,0.7250000000000001,0.08478723404255328
550.0,15.345657555176325,3.7855103311354017,3.8715477736113635,0.08603744247596179,0.6387352245862885,0.7236111111111112,0.0848758865248227
560.0,15.339735098845301,3.7838536460325716,3.870342212739909,0.08648856670733762,0.6372576832151301,0.7222222222222223,0.08496453900709222
570.0,15.333800100840428,3.7822156346327045,3.869134428246451,0.08691879361374655,0.6357801418439717,0.7208333333333334,0.08505319148936175
580.0,15.327851273112474,3.780595869277863,3.8679235448150333,0.08732767553717036,0.6343026004728133,0.7194444444444446,0.08514184397163127
590.0,15.321887513482666,3.7789940059158207,3.8667086772070167,0.08771467129119603,0.6328250591016549,0.7180555555555557,0.0852304964539008
600.0,15.315910687317029,3.7774105780559943,3.865489576577912,0.08807899852191747,0.6313475177304966,0.7166666666666668,0.08531914893617021
610.0,15.309914958846488,3.775843507461409,3.8642642515833234,0.08842074412191447,0.6298699763593382,0.7152777777777779,0.08540780141843973
620.0,15.303900896467432,3.77429256884733,3.8630321357590787,0.08873956691174856,0.6283924349881798,0.713888888888889,0.08549645390070926
630.0,15.297868067063138,3.7727571811794847,3.8617923727326278,0.0890351915531431,0.6269148936170214,0.7125000000000001,0.08558510638297878
640.0,15.29181537994084,3.7712365248797335,3.8605438872261733,0.08930736234643977,0.6254373522458629,0.7111111111111112,0.0856737588652483
650.0,15.285742117184034,3.769729743064015,3.85928570427352,0.08955596120950471,0.6239598108747046,0.7097222222222224,0.08576241134751772
660.0,15.279649442881546,3.768236486146085,3.8580172167580953,0.0897807306120102,0.6224822695035462,0.7083333333333335,0.08585106382978724
670.0,15.273537735986206,3.7667561200481527,3.856737604787858,0.08998148473970513,0.6210047281323878,0.7069444444444446,0.08593971631205677
680.0,15.267407528881588,3.7652880037728136,3.855446054422245,0.0901580506494315,0.6195271867612294,0.7055555555555557,0.0860283687943263
690.0,15.26125762970118,3.7638309986952594,3.8541412940909763,0.09031029539571689,0.618049645390071,0.7041666666666668,0.08611702127659582
700.0,15.255089391198894,3.762384569949838,3.8528227060219082,0.0904381360720703,0.6165721040189127,0.702777777777778,0.08620567375886523
710.0,15.248903199223257,3.7609479583207572,3.851489358536562,0.09054140021580492,0.6150945626477543,0.7013888888888891,0.08629432624113476
720.0,15.242699397963378,3.7595202959210687,3.850140379412472,0.09062008349140305,0.6136170212765959,0.7000000000000002,0.08638297872340428
730.0,15.236479612895568,3.7581011202793233,3.8487751471875318,0.09067402690820847,0.6121394799054375,0.6986111111111113,0.0864716312056738
740.0,15.230243830863017,3.7566894350259346,3.8473927284739347,0.0907032934480001,0.6106619385342791,0.6972222222222224,0.08656028368794333
750.0,15.223994084399619,3.755284844311336,3.8459926705428735,0.0907078262315375,0.6091843971631208,0.6958333333333335,0.08664893617021274
760.0,15.217731189138794,3.7538866280471717,3.8445742566157715,0.0906876285685998,0.6077068557919624,0.6944444444444446,0.08673758865248227
770.0,15.211456337529444,3.7524940970371876,3.8431369775345567,0.09064288049736913,0.606229314420804,0.6930555555555558,0.08682624113475179
780.0,15.205171387477279,3.751106812551509,3.841680493743998,0.0905736811924891,0.6047517730496456,0.6916666666666669,0.08691489361702132
790.0,15.198878012950988,3.749724275607897,3.8402045125822983,0.09048023697440133,0.6032742316784871,0.690277777777778,0.08700354609929084
800.0,15.192577587618743,3.7483459330957034,3.8387087429931483,0.09036280989744494,0.6017966903073289,0.6888888888888891,0.08709219858156025
810.0,15.186271683428565,3.746971244678849,3.8371930852437894,0.09022184056494043,0.6003191489361704,0.6875000000000002,0.08718085106382978
820.0,15.179962236559405,3.7455998353819653,3.8356575973819482,0.09005776199998294,0.598841607565012,0.6861111111111113,0.0872695035460993
830.0,15.173651054294979,3.7442312981061985,3.834102437914316,0.08987113980811756,0.5973640661938536,0.6847222222222225,0.08735815602836883
840.0,15.167339940359131,3.7428652477735644,3.8325278905207707,0.08966264274720626,0.5958865248226952,0.6833333333333336,0.08744680851063835
850.0,15.161030731396583,3.7415013228785736,3.830934388013588,0.08943306513501437,0.5944089834515369,0.6819444444444447,0.08753546099290777
860.0,15.154725321287426,3.740139209157904,3.8293225119629812,0.08918330280507725,0.5929314420803784,0.6805555555555558,0.0876241134751774
870.0,15.148425589690346,3.7387786129410827,3.827692985937922,0.08891437299683913,0.5914539007092201,0.6791666666666669,0.08771276595744681
880.0,15.14213350557959,3.73741928457212,3.8260467065074533,0.08862742193533313,0.5899763593380617,0.677777777777778,0.08780141843971634
890.0,15.135851025727183,3.7360610267574375,3.8243846927926795,0.088323666035242,0.5884988179669033,0.6763888888888892,0.08789007092198586
900.0,15.129579960374693,3.7347036125903537,3.82270808660932,0.0880044740189665,0.5870212765957449,0.6750000000000003,0.08797872340425539
910.0,15.123322145545602,3.7333468631038573,3.8210181666207825,0.0876713035169252,0.5855437352245865,0.6736111111111114,0.08806737588652491
920.0,15.117079548965052,3.7319906497840005,3.8193163859591976,0.08732573617519712,0.5840661938534282,0.6722222222222225,0.08815602836879433
930.0,15.110854080683993,3.73063493008957,3.817604255541881,0.08696932545231117,0.5825886524822698,0.6708333333333336,0.08824468085106385
940.0,15.10464729492937,3.729279547687002,3.8158833491437694,0.08660380145676738,0.5811111111111114,0.6694444444444447,0.08833333333333337
950.0,15.098460811483982,3.7279244235950126,3.814155334888483,0.08623091129347049,0.579633569739953,0.6680555555555558,0.0884219858156029
960.0,15.092296162040569,3.726569499558572,3.8124219355335147,0.08585243597494285,0.5781560283687945,0.666666666666667,0.08851063829787242
970.0,15.086154779421722,3.7252147370588187,3.810684909073168,0.08547017201434937,0.5766784869976362,0.6652777777777781,0.08859929078014184
980.0,15.08003818208938,3.723860133176017,3.808946099948925,0.0850859667729078,0.5752009456264778,0.6638888888888892,0.08868794326241136
990.0,15.073947884382706,3.7225058357186023,3.8072073008286953,0.08470146511009302,0.5737234042553194,0.6625000000000003,0.08877659574468089
1000.0,15.067884753407771,3.7211517741338347,3.8054702245068404,0.08431845037300567,0.572245862884161,0.6611111111111114,0.08886524822695041
1010.0,15.061849773139139,3.719797990542567,3.803736577110432,0.08393858656786524,0.5707683215130026,0.6597222222222225,0.08895390070921994
1020.0,15.055843786276872,3.718444541912379,3.8020080009278905,0.08356345901551165,0.5692907801418443,0.6583333333333337,0.08904255319148935
1030.0,15.04986748921136,3.7170914990881623,3.800286057171873,0.08319455808371057,0.5678132387706859,0.6569444444444448,0.08913120567375887
1040.0,15.043921557932915,3.715738945836777,3.798572266153884,0.082833320317107,0.5663356973995275,0.6555555555555559,0.0892198581560284
1050.0,15.038006737923668,3.7143871312784675,3.796868019516819,0.08248088823835165,0.5648581560283691,0.654166666666667,0.08930851063829792
1060.0,15.032123058958133,3.713036082061406,3.795174518624662,0.08213843656325626,0.5633806146572107,0.6527777777777781,0.08939716312056745
1070.0,15.026270651000894,3.7116859230666295,3.7934928755367845,0.08180695247015501,0.5619030732860524,0.6513888888888892,0.08948581560283686
1080.0,15.02044950038372,3.71033679050636,3.7918240660281968,0.08148727552183699,0.560425531914894,0.6500000000000004,0.08957446808510638
1090.0,15.014659452816225,3.7089888289055093,3.790168925601551,0.08118009669604165,0.5589479905437356,0.6486111111111115,0.08966312056737591
1100.0,15.008900297449957,3.7076421902304086,3.7885281848639174,0.08088599463350876,0.5574704491725772,0.6472222222222226,0.08975177304964543
1110.0,15.003171914306053,3.706297132318464,3.786902436211043,0.08060530389257892,0.5559929078014187,0.6458333333333337,0.08984042553191496
1120.0,14.997473619901674,3.7049537879052155,3.785292063497771,0.08033827559255569,0.5545153664302604,0.6444444444444448,0.08992907801418437
1130.0,14.991804792685793,3.7036123196653485,3.7836973526691473,0.08008503300379877,0.553037825059102,0.6430555555555559,0.0900177304964539
1140.0,14.986164730077236,3.702272908499549,3.7821184613539445,0.07984555285439532,0.5515602836879436,0.641666666666667,0.09010638297872342
1150.0,14.980552645812788,3.7009357386135564,3.780555426121639,0.07961968750808257,0.5500827423167852,0.6402777777777782,0.09019503546099294
1160.0,14.974967694267155,3.699600996764032,3.779008178280741,0.079407181516709,0.5486052009456268,0.6388888888888893,0.09028368794326247
1170.0,14.969409055835143,3.698268888138546,3.7774765621902433,0.07920767405169737,0.5471276595744685,0.6375000000000004,0.09037234042553188
1180.0,14.963875799018217,3.696939623938352,3.775960306695066,0.07902068275671414,0.5456501182033101,0.6361111111111115,0.09046099290780141
1190.0,14.958367941006943,3.6956136674517004,3.774459284786211,0.07884561733451045,0.5441725768321517,0.6347222222222226,0.09054964539007093
1200.0,14.952882986967007,3.6942908089637356,3.7729727353331044,0.07868192636936877,0.5426950354609933,0.6333333333333337,0.09063829787234046
1200.0000000000002,15.174074490813418,3.7493699286055615,3.8285232167068517,0.07915328810129019,0.5426950354609933,0.6333333333333337,0.09063829787234046
1210.0,15.208100218242812,3.758120135644881,3.83697993735901,0.07885980171412887,0.5426950354609933,0.6333333333333337,0.09063829787234046
1220.0,15.227209517640638,3.7632385593991207,3.8415389902614288,0.07830043086230809,0.5426950354609933,0.6333333333333337,0.09063829787234046
1230.0,15.240562339244645,3.7668663599290872,3.844698127061698,0.07783176713261053,0.5426950354609933,0.6333333333333337,0.09063829787234046
1240.0,15.250938498540574,3.769711834024618,3.8471401724330705,0.07742833840845265,0.5426950354609933,0.6333333333333337,0.09063829787234046
1250.0,15.259465677420486,3.7720676593074742,3.8491375962218544,0.07706993691438013,0.5426950354609933,0.6333333333333337,0.09063829787234046
1260.0,15.266729434826116,3.7740865853242656,3.8508317627855506,0.07674517746128506,0.5426950354609933,0.6333333333333337,0.09063829787234046
1270.0,15.273065388161475,3.775857296532467,3.852303691764878,0.07644639523241104,0.5426950354609933,0.6333333333333337,0.09063829787234046
1280.0,15.278678983748861,3.777433552870142,3.853602929137633,0.0761693762674911,0.5426950354609933,0.6333333333333337,0.09063829787234046
1290.0,15.283717638382782,3.7788541714182102,3.8547651063934008,0.07591093497519052,0.5426950354609933,0.6333333333333337,0.09063829787234046
1300.0,15.288287240172064,3.780147187563246,3.8558158211550486,0.07566863359180243,0.5426950354609933,0.6333333333333337,0.09063829787234046
1310.0,15.292464163765388,3.781332923508235,3.8567735549338265,0.07544063142559132,0.5426950354609933,0.6333333333333337,0.09063829787234046
1320.0,15.29630534295063,3.7824265428950854,3.85765207269715,0.07522552980206454,0.5426950354609933,0.6333333333333337,0.09063829787234046
1330.0,15.299856840338915,3.783440231269669,3.858462474905279,0.07502224363561005,0.5426950354609933,0.6333333333333337,0.09063829787234046
1340.0,15.303156777198442,3.7843842761776765,3.859214026403821,0.07482975022614458,0.5426950354609933,0.6333333333333337,0.09063829787234046
1350.0,15.30623539844466,3.7852665709498865,3.8599139077460016,0.07464733679611513,0.5426950354609933,0.6333333333333337,0.09063829787234046
1360.0,15.309115929575787,3.7860936444118107,3.8605678156482752,0.07447417123646449,0.5426950354609933,0.6333333333333337,0.09063829787234046
1370.0,15.311820355484269,3.786871328096174,3.8611810064333945,0.07430967833722057,0.5426950354609933,0.6333333333333337,0.09063829787234046
1380.0,15.314364233309357,3.787603832308503,3.8617571414760175,0.07415330916751461,0.5426950354609933,0.6333333333333337,0.09063829787234046
1390.0,15.316764198599273,3.7882956246894244,3.8623001888368207,0.07400456414739631,0.5426950354609933,0.6333333333333337,0.09063829787234046
1400.0,15.319033508379789,3.7889503904222894,3.8628133378432015,0.07386294742091204,0.5426950354609933,0.6333333333333337,0.09063829787234046
1410.0,15.321184479269341,3.78957142513517,3.8632994747683256,0.07372804963315538,0.5426950354609933,0.6333333333333337,0.09063829787234046
1420.0,15.32322668365094,3.790161436179255,3.8637608783875477,0.07359944220829284,0.5426950354609933,0.6333333333333337,0.09063829787234046
1430.0,15.325168803331053,3.790722819227546,3.864199593995806,0.07347677476826009,0.5426950354609933,0.6333333333333337,0.09063829787234046
1440.0,15.327017945614973,3.791257586622172,3.8646172877579983,0.07335970113582624,0.5426950354609933,0.6333333333333337,0.09063829787234046
1450.0,15.328780564380384,3.791767547305683,3.8650154013876827,0.07324785408199963,0.5426950354609933,0.6333333333333337,0.09063829787234046
1460.0,15.330462686352046,3.792254429125727,3.8653953510847257,0.07314092195899846,0.5426950354609933,0.6333333333333337,0.09063829787234046
1470.0,15.332069348626073,3.7927196000685455,3.8657582774031427,0.07303867733459724,0.5426950354609933,0.6333333333333337,0.09063829787234046
1480.0,15.333606103281852,3.793164590047737,3.8661054318293306,0.07294084178159377,0.5426950354609933,0.6333333333333337,0.09063829787234046
1490.0,15.335076430134992,3.793590579913318,3.866437769272228,0.07284718935891021,0.5426950354609933,0.6333333333333337,0.09063829787234046
1500.0,15.336483456986208,3.7939987239973885,3.866755600215776,0.07275687621838767,0.5426950354609933,0.6333333333333337,0.09063829787234046
1510.0,15.337832474902573,3.794390104127352,3.867060280021135,0.0726701758937831,0.5426950354609933,0.6333333333333337,0.09063829787234046
1520.0,15.339129303543139,3.7947657188679877,3.867353268387686,0.07258754951969815,0.5426950354609933,0.6333333333333337,0.09063829787234046
1530.0,15.340371910256938,3.795126402547504,3.8676346663996872,0.07250826385218323,0.5426950354609933,0.6333333333333337,0.09063829787234046
1540.0,15.341563634072374,3.795473005832201,3.867903768410367,0.07243076257816616,0.5426950354609933,0.6333333333333337,0.09063829787234046
1550.0,15.342711009464745,3.795806273172261,3.8681628706629505,0.07235659749068946,0.5426950354609933,0.6333333333333337,0.09063829787234046
1560.0,15.343819627020176,3.796126868209057,3.8684136468566575,0.07228677864760025,0.5426950354609933,0.6333333333333337,0.09063829787234046
1570.0,15.34488420533204,3.7964354238311433,3.8686553560340853,0.07221993220294198,0.5426950354609933,0.6333333333333337,0.09063829787234046
1580.0,15.345908676630646,3.7967325320780225,3.868887241596769,0.0721547095187467,0.5426950354609933,0.6333333333333337,0.09063829787234046
1590.0,15.34689789743205,3.7970187324395845,3.8691113447363636,0.0720926122967791,0.5426950354609933,0.6333333333333337,0.09063829787234046
1600.0,15.34785490539646,3.7972945270626703,3.8693286469368138,0.07203411987414343,0.5426950354609933,0.6333333333333337,0.09063829787234046
1610.0,15.348776906267407,3.797560385373286,3.869538548024907,0.07197816265162116,0.5426950354609933,0.6333333333333337,0.09063829787234046
1620.0,15.3496665700566,3.7978167683019475,3.8697409316532814,0.07192416335133389,0.5426950354609933,0.6333333333333337,0.09063829787234046
1630.0,15.350525550702603,3.7980641212198796,3.8699365222011335,0.07187240098125391,0.5426950354609933,0.6333333333333337,0.09063829787234046
1640.0,15.351354909113255,3.7983028851273146,3.8701254744228,0.07182258929548535,0.5426950354609933,0.6333333333333337,0.09063829787234046
1650.0,15.352155890562571,3.798533262739702,3.8703081053983412,0.07177484265863932,0.5426950354609933,0.6333333333333337,0.09063829787234046
1660.0,15.35292922055724,3.7987556961027518,3.870484560832608,0.0717288647298564,0.5426950354609933,0.6333333333333337,0.09063829787234046
1670.0,15.353675586746787,3.7989705660719597,3.8706549009383293,0.0716843348663696,0.5426950354609933,0.6333333333333337,0.09063829787234046
1680.0,15.354395998098493,3.799178248767358,3.8708191930883973,0.07164094432103907,0.5426950354609933,0.6333333333333337,0.09063829787234046
1690.0,15.355092207641732,3.7993790224201938,3.870977962592216,0.07159894017202229,0.5426950354609933,0.6333333333333337,0.09063829787234046
1700.0,15.35576477408788,3.7995729690045525,3.87113138376732,0.07155841476276725,0.5426950354609933,0.6333333333333337,0.09063829787234046
1710.0,15.356415019900137,3.7997605137024095,3.871279687853265,0.0715191741508554,0.5426950354609933,0.6333333333333337,0.09063829787234046
1720.0,15.357043868937687,3.799941944485099,3.8714232062571776,0.07148126177207859,0.5426950354609933,0.6333333333333337,0.09063829787234046
1730.0,15.35765185408126,3.800117551105312,3.8715618639124094,0.07144431280709762,0.5426950354609933,0.6333333333333337,0.09063829787234046
1740.0,15.358240226467199,3.8002874309940458,3.8716960459283167,0.07140861493427098,0.5426950354609933,0.6333333333333337,0.09063829787234046
1750.0,15.358810121467899,3.8004517973289453,3.871826050958748,0.07137425362980254,0.5426950354609933,0.6333333333333337,0.09063829787234046
1760.0,15.359362098818131,3.8006109031815134,3.8719521750068226,0.07134127182530925,0.5426950354609933,0.6333333333333337,0.09063829787234046
1770.0,15.359896425457933,3.800764948011885,3.872074211354198,0.07130926334231313,0.5426950354609933,0.6333333333333337,0.09063829787234046
1780.0,15.360414041681569,3.800914121668785,3.8721924886569385,0.0712783669881536,0.5426950354609933,0.6333333333333337,0.09063829787234046
1790.0,15.360915433063916,3.8010585745011163,3.8723071226790307,0.07124854817791437,0.5426950354609933,0.6333333333333337,0.09063829787234046
1800.0,15.361401038186038,3.8011984524537707,3.87241819748922,0.07121974503544903,0.5426950354609933,0.6333333333333337,0.09063829787234046
1800.0000000000002,15.240210616532453,3.7710923293563203,3.8419178965247514,0.07082556716843103,0.5426950354609933,0.6333333333333337,0.09063829787234046
1810.0,15.222870834551847,3.766544185682091,3.8373404172449783,0.07079623156288717,0.5419562647754141,0.6326388888888893,0.09068262411347516
1820.0,15.212151822255942,3.7636530678295994,3.8346172424104634,0.07096417458086401,0.5412174940898349,0.6319444444444449,0.09072695035460998
1830.0,15.203923547113614,3.7614324136868538,3.8325294834873342,0.07109706980048047,0.5404787234042557,0.6312500000000004,0.09077127659574469
1840.0,15.196998983948644,3.7595641620328584,3.830772975832844,0.07120881379998556,0.5397399527186766,0.630555555555556,0.0908156028368794
1850.0,15.190902056185454,3.7579196181938728,3.829227136761912,0.07130751856803919,0.5390011820330973,0.6298611111111115,0.09085992907801421
1860.0,15.185354088600151,3.756423172426215,3.827821714100516,0.07139854167430126,0.5382624113475182,0.6291666666666671,0.09090425531914892
1870.0,15.180205487765559,3.755034675507955,3.826518729602245,0.07148405409428982,0.5375236406619389,0.6284722222222227,0.09094858156028374
1880.0,15.17537132954898,3.753731246991925,3.825296608548321,0.07156536155639603,0.5367848699763598,0.6277777777777782,0.09099290780141844
1890.0,15.17078984274749,3.7524959762163546,3.8241398359524834,0.07164385973612886,0.5360460992907805,0.6270833333333338,0.09103723404255326
1900.0,15.166412306563103,3.7513156818964943,3.8230361133431496,0.0717204314466553,0.5353073286052014,0.6263888888888893,0.09108156028368797
1910.0,15.162203623387331,3.7501809896250786,3.82197649693111,0.07179550730603124,0.5345685579196222,0.6256944444444449,0.09112588652482267
1920.0,15.158138630561004,3.7490851065400332,3.8209546012208073,0.07186949468077408,0.533829787234043,0.6250000000000004,0.09117021276595749
1930.0,15.154198247368072,3.7480229756213914,3.819965513223624,0.07194253760223246,0.5330910165484638,0.624305555555556,0.0912145390070922
1940.0,15.150366510281788,3.746990299924776,3.8190051717792697,0.07201487185449373,0.5323522458628847,0.6236111111111116,0.0912588652482269
1950.0,15.146630189107556,3.745983485115568,3.8180702698319338,0.07208678471636576,0.5316134751773054,0.6229166666666671,0.09130319148936172
1960.0,15.142978277162541,3.744999540274862,3.8171580091965387,0.07215846892167654,0.5308747044917262,0.6222222222222227,0.09134751773049643
1970.0,15.139401161021148,3.744035903296092,3.8162659532032466,0.07223004990715465,0.530135933806147,0.6215277777777782,0.09139184397163125
1980.0,15.135890972600402,3.743090532597435,3.8153920640068315,0.07230153140939644,0.5293971631205678,0.6208333333333338,0.09143617021276595
1990.0,15.132441364980938,3.7421616393287347,3.814534778474979,0.0723731391462441,0.5286583924349886,0.6201388888888894,0.09148049645390077
2000.0,15.129046356588224,3.741247783304426,3.813692483938904,0.07244470063447794,0.5279196217494094,0.6194444444444449,0.09152482269503548
2010.0,15.12570208353403,3.7403478027672485,3.8128642549655636,0.07251645219831504,0.5271808510638303,0.6187500000000005,0.09156914893617019
2020.0,15.122403374414409,3.7394604486585794,3.812048714697535,0.0725882660389554,0.526442080378251,0.618055555555556,0.091613475177305
2030.0,15.119147567828493,3.738584933997821,3.811245202248279,0.0726602682504578,0.5257033096926719,0.6173611111111116,0.09165780141843971
2040.0,15.115930437738495,3.737720186725899,3.8104526345008067,0.07273244777490762,0.5249645390070927,0.6166666666666671,0.09170212765957442
2050.0,15.112749563513491,3.736865555941651,3.809670364104224,0.0728048081625734,0.5242257683215135,0.6159722222222227,0.09174645390070924
2060.0,15.109601839775681,3.7360202250023478,3.80889762361639,0.0728773986140423,0.5234869976359342,0.6152777777777783,0.09179078014184405
2070.0,15.106484971486648,3.7351836154019136,3.8081337723521655,0.07295015695025198,0.522748226950355,0.6145833333333338,0.09183510638297876
2080.0,15.103396670105314,3.734355129902868,3.8073782289534766,0.07302309905060866,0.5220094562647759,0.6138888888888894,0.09187943262411347
2090.0,15.100335010718648,3.73353429438887,3.806630459386296,0.073096164997426,0.5212706855791966,0.6131944444444449,0.09192375886524828
2100.0,15.097298164532454,3.732720640130864,3.8058899704446105,0.07316933031374662,0.5205319148936175,0.6125000000000005,0.09196808510638299
2110.0,15.094284566020212,3.731913802354406,3.805156303583556,0.07324250122914977,0.5197931442080383,0.611805555555556,0.0920124113475177
2120.0,15.091292639853645,3.7311133228708444,3.8044291079892307,0.07331578511838632,0.5190543735224591,0.6111111111111116,0.09205673758865252
2130.0,15.088321090023896,3.730318941707776,3.803708012917887,0.07338907121011129,0.5183156028368799,0.6104166666666672,0.09210106382978722
2140.0,15.085368801442508,3.7295304321042417,3.8029925803636044,0.0734621482593627,0.5175768321513008,0.6097222222222227,0.09214539007092193
2150.0,15.082434712768663,3.728747427544637,3.8022825944339074,0.07353516688927053,0.5168380614657215,0.6090277777777783,0.09218971631205675
2160.0,15.07951748440621,3.7279696621904406,3.8015777948483636,0.07360813265792299,0.5160992907801423,0.6083333333333338,0.09223404255319156
2170.0,15.076616398125505,3.72719703053355,3.8008777459367584,0.07368071540320864,0.5153605200945631,0.6076388888888894,0.09227836879432627
2180.0,15.073730819334099,3.7264293435103077,3.800182283712278,0.07375294020197032,0.514621749408984,0.606944444444445,0.09232269503546098
2190.0,15.070859508505771,3.7256662419613216,3.7994911927850397,0.0738249508237181,0.5138829787234047,0.6062500000000005,0.0923670212765958
2200.0,15.06800176465062,3.724907675191244,3.798804130536645,0.0738964553454009,0.5131442080378256,0.6055555555555561,0.0924113475177305
2210.0,15.06515707264547,3.7241535198649833,3.7981209148230257,0.07396739495804239,0.5124054373522464,0.6048611111111116,0.09245567375886521
2220.0,15.062324645410047,3.7234035159381533,3.7974413437882815,0.07403782785012814,0.5116666666666672,0.6041666666666672,0.09250000000000003
2230.0,15.059503697745168,3.722657562308558,3.79676518734819,0.0741076250396322,0.510927895981088,0.6034722222222227,0.09254432624113473
2240.0,15.056693747936327,3.721915547337625,3.7960922461930062,0.07417669885538114,0.5101891252955087,0.6027777777777783,0.09258865248226955
2250.0,15.053894249551956,3.7211773387356253,3.7954223453128533,0.07424500657722799,0.5094503546099296,0.6020833333333339,0.09263297872340426
2260.0,15.051104573889042,3.7204428058403094,3.794755295292912,0.07431248945260238,0.5087115839243503,0.6013888888888894,0.09267730496453908
2270.0,15.048324250455899,3.719711861208458,3.7940909158981233,0.07437905468966521,0.5079728132387712,0.600694444444445,0.09272163120567378
2280.0,15.04555284297912,3.718984410037922,3.793429062363819,0.07444465232589703,0.507234042553192,0.6000000000000005,0.09276595744680849
2290.0,15.042789871289962,3.7182603315062397,3.792769592356584,0.07450926085034437,0.5064952718676128,0.5993055555555561,0.0928102836879433
2300.0,15.040034935639959,3.7175395655939685,3.7921123760404196,0.07457281044645114,0.5057565011820336,0.5986111111111116,0.09285460992907801
2310.0,15.037287652326956,3.716822045623743,3.7914572319119357,0.07463518628819266,0.5050177304964544,0.5979166666666672,0.09289893617021283
2320.0,15.034547688254765,3.716107715470086,3.7908040210746385,0.07469630560455265,0.5042789598108752,0.5972222222222228,0.09294326241134754
2330.0,15.031814789169061,3.715396529536788,3.7901526524649487,0.0747561229281608,0.503540189125296,0.5965277777777782,0.09298758865248224
2340.0,15.029088536150889,3.7146883242714055,3.7895030209582643,0.0748146966868588,0.5028014184397167,0.5958333333333338,0.09303191489361706
2350.0,15.026368595588702,3.7139831122329063,3.7888550317449177,0.07487191951201133,0.5020626477541376,0.5951388888888893,0.09307624113475177
2360.0,15.02365477225337,3.713280855780821,3.7882085329936612,0.07492767721284022,0.5013238770685583,0.5944444444444449,0.09312056737588659
2370.0,15.020946848429563,3.7125815237824997,3.787563420852156,0.07498189706965608,0.5005851063829792,0.5937500000000004,0.0931648936170213
2380.0,15.018244651373003,3.71188509303731,3.786919612219502,0.07503451918219195,0.4998463356973999,0.5930555555555559,0.093209219858156
2390.0,15.015547989410218,3.711191516015773,3.7862770147751577,0.07508549875938453,0.49910756501182063,0.5923611111111114,0.09325354609929082
2400.0,15.012858461390323,3.710501220928965,3.7856359413919973,0.07513472046303216,0.4983687943262414,0.591666666666667,0.09329787234042558
2410.0,15.010172666938377,3.7098133435868066,3.7849955931206543,0.07518224953384767,0.4976300236406622,0.5909722222222226,0.09334219858156034
2420.0,15.007491191898351,3.709128055354908,3.7843560617542473,0.07522800639933935,0.49689125295508296,0.5902777777777781,0.09338652482269516
2430.0,15.004813854367953,3.7084453222445384,3.783717266750222,0.07527194450568375,0.4961524822695038,0.5895833333333336,0.09343085106382976
2440.0,15.002140774591332,3.707765194511829,3.783079192968656,0.07531399845682696,0.49541371158392455,0.5888888888888891,0.09347517730496457
2450.0,14.999471555665195,3.707087577128687,3.782441714679149,0.07535413755046205,0.49467494089834535,0.5881944444444447,0.09351950354609934
2460.0,14.996806436830777,3.7064125464278956,3.7818048482429654,0.07539230181506973,0.49393617021276615,0.5875000000000002,0.0935638297872341
2470.0,14.99414531611638,3.705740109228305,3.781168517422003,0.075428408193698,0.4931973995271869,0.5868055555555558,0.09360815602836892
2480.0,14.991486912391562,3.705069911929943,3.7805324162793488,0.07546250434940571,0.4924586288416077,0.5861111111111112,0.09365248226950357
2490.0,14.988832220087229,3.704402233681929,3.7798967301297703,0.07549449644784145,0.4917198581560285,0.5854166666666668,0.09369680851063833
2500.0,14.986181282734023,3.703737093648656,3.779261435861225,0.07552434221256865,0.4909810874704493,0.5847222222222224,0.09374113475177309
2510.0,14.983534145543693,3.703074510127587,3.7786265119070843,0.0755520017794975,0.49024231678487007,0.5840277777777779,0.09378546099290785
2520.0,14.980890802487666,3.7024145005512206,3.7779919066366405,0.07557740608541996,0.4895035460992908,0.5833333333333335,0.09382978723404267
2530.0,14.978249432583503,3.701756619350699,3.7773571839176205,0.07560056456692132,0.4887647754137116,0.5826388888888889,0.09387411347517732
2540.0,14.975611322860388,3.7011011558847775,3.7767226187472422,0.07562146286246474,0.4880260047281324,0.5819444444444445,0.09391843971631209
2550.0,14.972976550655147,3.7004481535561595,3.776088194251457,0.07564004069529728,0.48728723404255314,0.58125,0.0939627659574469
2560.0,14.970345167388626,3.6997976276042253,3.7754538949772196,0.07565626737299436,0.486548463356974,0.5805555555555556,0.09400709219858161
2570.0,14.967717225816662,3.699149592451511,3.7748197068483296,0.07567011439681837,0.48580969267139473,0.5798611111111112,0.09405141843971643
2580.0,14.965091052248535,3.698503686438167,3.7741851671763147,0.07568148073814784,0.48507092198581553,0.5791666666666666,0.09409574468085108
2590.0,14.962467686539199,3.6978600809522124,3.7735505638756357,0.07569048292342329,0.4843321513002363,0.5784722222222222,0.09414007092198584
2600.0,14.959847303108743,3.697218855272893,3.7729158857908143,0.07569703051792143,0.48359338061465706,0.5777777777777777,0.09418439716312066
2610.0,14.957229958776045,3.6965800218298157,3.7722811230700297,0.07570110124021401,0.48285460992907786,0.5770833333333333,0.09422872340425542
2620.0,14.954615711487282,3.695943592283334,3.771646267139832,0.07570267485649795,0.48211583924349866,0.5763888888888888,0.09427304964539018
2630.0,14.952003376862944,3.6953093219011772,3.7710109757566,0.07570165385542271,0.4813770685579194,0.5756944444444443,0.09431737588652489
2640.0,14.949393427436453,3.6946772465939457,3.770375400145116,0.07569815355117049,0.48063829787234025,0.5749999999999998,0.0943617021276596
2650.0,14.946786068381787,3.694047444401809,3.7697395439988948,0.07569209959708578,0.479899527186761,0.5743055555555554,0.09440602836879441
2660.0,14.94418130555618,3.693419912132839,3.7691033888950893,0.07568347676225029,0.4791607565011818,0.573611111111111,0.09445035460992918
2670.0,14.941579145698448,3.6927946460225645,3.7684669174555028,0.07567227143293831,0.4784219858156026,0.5729166666666665,0.09449468085106394
2680.0,14.93897959638592,3.6921716417422603,3.7678301133258207,0.07565847158356043,0.4776832151300233,0.572222222222222,0.09453900709219865
2690.0,14.936382665992149,3.6915508944073223,3.7671929611551285,0.07564206674780616,0.47694444444444417,0.5715277777777775,0.09458333333333335
2700.0,14.933788340230763,3.6909323985857614,3.7665554314339627,0.07562303284820127,0.4762056737588649,0.5708333333333331,0.09462765957446817
2710.0,14.931196218071257,3.690316056432528,3.765917421140621,0.07560136470809287,0.4754669030732857,0.5701388888888886,0.09467198581560293
2720.0,14.928606560615508,3.6897019005693568,3.7652789799145814,0.07557707934522462,0.4747281323877065,0.5694444444444442,0.0947163120567377
2730.0,14.92601937398539,3.6890899339751932,3.7646400912150053,0.07555015723981207,0.47398936170212724,0.5687499999999996,0.0947606382978724
2740.0,14.92343465080273,3.6884801450394478,3.7640007393718196,0.0755205943323718,0.47325059101654804,0.5680555555555552,0.09480496453900716
2750.0,14.92085238429406,3.6878725217057724,3.763360909568625,0.0754883878628525,0.47251182033096883,0.5673611111111108,0.09484929078014193
2760.0,14.918272568261639,3.687267051481321,3.762720587825949,0.07545353634462826,0.4717730496453896,0.5666666666666663,0.09489361702127674
2770.0,14.9156951970553,3.6866637214459477,3.7620797609848857,0.07541603953893805,0.4710342789598104,0.5659722222222219,0.09493794326241145
2780.0,14.913120285536557,3.686062518261343,3.7614384256707285,0.0753759074093856,0.47029550827423117,0.5652777777777773,0.09498226950354616
2790.0,14.910547898363621,3.6854634506694843,3.760796581588943,0.07533313091945848,0.46955673758865196,0.5645833333333329,0.09502659574468092
2800.0,14.907977980395875,3.684866490727145,3.760154207575768,0.07528771684862301,0.46881796690307276,0.5638888888888884,0.09507092198581568
2810.0,14.905410531504327,3.6842716241955085,3.7595112947210954,0.07523967052558689,0.46807919621749355,0.563194444444444,0.09511524822695044
2820.0,14.902845552520239,3.6836788369956968,3.7588678348650433,0.07518899786934652,0.4673404255319143,0.5624999999999996,0.09515957446808526
2830.0,14.900283044655144,3.683088114662964,3.758223820583118,0.07513570592015384,0.4666016548463351,0.561805555555555,0.09520390070921991
2840.0,14.89772300947623,3.6824994423553297,3.757579245171763,0.07507980281643345,0.4658628841607559,0.5611111111111106,0.09524822695035468
2850.0,14.895165448882263,3.681912804862191,3.7569341026341494,0.0750212977719582,0.4651241134751767,0.5604166666666661,0.09529255319148944
2860.0,14.892610609687372,3.681328198702684,3.756288486132783,0.07496028743009919,0.4643853427895974,0.5597222222222217,0.09533687943262426
2870.0,14.890058715510735,3.6807457267275985,3.7556423885145676,0.07489666178696908,0.4636465721040182,0.5590277777777772,0.09538120567375902
2880.0,14.887509483243711,3.680165279717472,3.7549957577988007,0.0748304780813287,0.462907801418439,0.5583333333333327,0.09542553191489367
2890.0,14.88496292517941,3.679586842905917,3.7543485933027694,0.07476175039685229,0.4621690307328598,0.5576388888888882,0.09546985815602843
2900.0,14.882419053768011,3.679010401168876,3.7537008949882065,0.07469049381933068,0.46143026004728055,0.5569444444444438,0.09551418439716325
2910.0,14.879877881592698,3.6784359390327275,3.7530526634474137,0.07461672441468625,0.46069148936170135,0.5562499999999994,0.09555851063829801
2920.0,14.877339421346136,3.677863440682351,3.7524038998895333,0.07454045920718233,0.45995271867612214,0.5555555555555549,0.09560283687943277
2930.0,14.874803685807462,3.6772928899690536,3.751754606127087,0.07446171615803365,0.45921394799054294,0.5548611111111104,0.09564716312056742
2940.0,14.872270687819768,3.6767242704183922,3.7511047845626204,0.0743805141442282,0.4584751773049637,0.5541666666666659,0.09569148936170224
2950.0,14.869740440268124,3.676157565237945,3.750454438175586,0.0742968729376412,0.4577364066193845,0.5534722222222215,0.095735815602837
2960.0,14.867212956057891,3.675592757324883,3.7498035705093224,0.07421081318443923,0.45699763593380527,0.552777777777777,0.09578014184397177
2970.0,14.864688248093708,3.6750298292735133,3.749152185658289,0.07412235638477549,0.45625886524822606,0.5520833333333326,0.09582446808510653
2980.0,14.862166329258708,3.6744687633826216,3.7485002882553538,0.07403152487273212,0.45552009456264686,0.551388888888888,0.09586879432624118
2990.0,14.859647670263534,3.6739096406129272,3.7478480035623525,0.07393836294942524,0.4547813238770676,0.5506944444444436,0.095913120567376
3000.0,14.85713189913011,3.673352356858979,3.7471952386756153,0.07384288181663612,0.4540425531914884,0.5499999999999992,0.09595744680851076
3000.0000000000005,14.977755530637436,3.7036405076096517,3.777299747086822,0.07365923947717024,0.4540425531914884,0.5499999999999992,0.09595744680851076
3010.0,14.994428504087567,3.7073233175268694,3.7816149665714023,0.07429164904453289,0.4540425531914884,0.5499999999999992,0.09595744680851076
3020.0,15.00417715130273,3.7095026159540705,3.7841098312082577,0.07460721525418723,0.4540425531914884,0.5499999999999992,0.09595744680851076
3030.0,15.011126032822808,3.7110697789348093,3.785875391812005,0.07480561287719567,0.4540425531914884,0.5499999999999992,0.09595744680851076
3040.0,15.016596783500573,3.7123113916550015,3.7872580616521505,0.07494666999714905,0.4540425531914884,0.5499999999999992,0.09595744680851076
3050.0,15.02112593240652,3.7133453253927637,3.788397577852778,0.07505225246001412,0.4540425531914884,0.5499999999999992,0.09595744680851076
3060.0,15.025025958088559,3.714239903490539,3.789375077849577,0.07513517435903827,0.4540425531914884,0.5499999999999992,0.09595744680851076
3070.0,15.028462368439774,3.7150311581987827,3.7902337651383577,0.07520260693957503,0.4540425531914884,0.5499999999999992,0.09595744680851076
3080.0,15.031531040269698,3.7157401612102197,3.7909985145902443,0.07525835338002462,0.4540425531914884,0.5499999999999992,0.09595744680851076
3090.0,15.034303649400066,3.716383004823579,3.7916876299144557,0.07530462509087688,0.4540425531914884,0.5499999999999992,0.09595744680851076
3100.0,15.036834946719118,3.7169716985989196,3.7923152698650973,0.07534357126617763,0.4540425531914884,0.5499999999999992,0.09595744680851076
3110.0,15.039163874065165,3.7175147882053023,3.792891547085564,0.07537675888026163,0.4540425531914884,0.5499999999999992,0.09595744680851076
3120.0,15.041319287356053,3.7180186609728345,3.7934238521279586,0.07540519115512412,0.4540425531914884,0.5499999999999992,0.09595744680851076
3130.0,15.043322681725686,3.718488125982914,3.793917735527591,0.0754296095446767,0.4540425531914884,0.5499999999999992,0.09595744680851076
3140.0,15.045192309012565,3.718927180063627,3.7943779010032856,0.07545072093965866,0.4540425531914884,0.5499999999999992,0.09595744680851076
3150.0,15.046943684792499,3.7193393240323367,3.794808285564005,0.07546896153166838,0.4540425531914884,0.5499999999999992,0.09595744680851076
3160.0,15.048589699609598,3.719727459550805,3.7952121734870423,0.07548471393623712,0.4540425531914884,0.5499999999999992,0.09595744680851076
3170.0,15.050141456525939,3.720094068198509,3.7955923813995094,0.07549831320100031,0.4540425531914884,0.5499999999999992,0.09595744680851076
3180.0,15.051607565117715,3.7204410211817334,3.795951178979572,0.07551015779783876,0.4540425531914884,0.5499999999999992,0.09595744680851076
3190.0,15.052996302854936,3.720770262030275,3.796290564474482,0.07552030244420704,0.4540425531914884,0.5499999999999992,0.09595744680851076
3200.0,15.054313344630984,3.721082875699311,3.7966121643254462,0.0755292886261354,0.4540425531914884,0.5499999999999992,0.09595744680851076
3210.0,15.055564826884497,3.7213804976220954,3.796917327447558,0.07553682982546261,0.4540425531914884,0.5499999999999992,0.09595744680851076
3220.0,15.056755425679166,3.7216638953739247,3.797207451387092,0.0755435560131672,0.4540425531914884,0.5499999999999992,0.09595744680851076
3230.0,15.057889642086264,3.7219343650372556,3.797483488707153,0.07554912366989752,0.4540425531914884,0.5499999999999992,0.09595744680851076
3240.0,15.058971686588405,3.722192642933037,3.7977466364403982,0.07555399350736103,0.4540425531914884,0.5499999999999992,0.09595744680851076
3250.0,15.060005039652818,3.7224396620562086,3.797997685544527,0.07555802348831842,0.4540425531914884,0.5499999999999992,0.09595744680851076
3260.0,15.060993215256975,3.7226761407565037,3.7982375673267392,0.07556142657023557,0.4540425531914884,0.5499999999999992,0.09595744680851076
3270.0,15.061939076574623,3.722902770603695,3.7984669795618444,0.07556420895814941,0.4540425531914884,0.5499999999999992,0.09595744680851076
3280.0,15.06284536613981,3.723120149614542,3.798686627408074,0.0755664777935321,0.4540425531914884,0.5499999999999992,0.09595744680851076
3290.0,15.063714433048007,3.7233288298202325,3.798897092144197,0.07556826232396441,0.4540425531914884,0.5499999999999992,0.09595744680851076
3300.0,15.064548488603123,3.723529292804845,3.799098942284926,0.07556964948008105,0.4540425531914884,0.5499999999999992,0.09595744680851076
3310.0,15.065349492094828,3.7237220301506664,3.799292642651066,0.07557061250039965,0.4540425531914884,0.5499999999999992,0.09595744680851076
3320.0,15.066119507376342,3.723907464112583,3.799478738566203,0.07557127445361989,0.4540425531914884,0.5499999999999992,0.09595744680851076
3330.0,15.066859909369292,3.724085899300234,3.7996575843595726,0.07557168505933864,0.4540425531914884,0.5499999999999992,0.09595744680851076
3340.0,15.067572023916734,3.7242576980345046,3.7998294983798844,0.0755718003453798,0.4540425531914884,0.5499999999999992,0.09595744680851076
3350.0,15.068257866196811,3.724423299411571,3.7999949265619324,0.07557162715036148,0.4540425531914884,0.5499999999999992,0.09595744680851076
3360.0,15.068918394869147,3.72458286917628,3.8001542132822532,0.0755713441059731,0.4540425531914884,0.5499999999999992,0.09595744680851076
3370.0,15.069554495891525,3.7247366349612596,3.800307551063616,0.07557091610235656,0.4540425531914884,0.5499999999999992,0.09595744680851076
3380.0,15.070167632909563,3.7248850511334584,3.800455206825866,0.07557015569240777,0.4540425531914884,0.5499999999999992,0.09595744680851076
3390.0,15.070759027064309,3.725028240864246,3.8005976030308375,0.0755693621665916,0.4540425531914884,0.5499999999999992,0.09595744680851076
3400.0,15.071329329249567,3.725166398531505,3.800734870015819,0.07556847148431389,0.4540425531914884,0.5499999999999992,0.09595744680851076
3410.0,15.071879507061642,3.7252998291552757,3.8008672032188673,0.0755673740635916,0.4540425531914884,0.5499999999999992,0.09595744680851076
3420.0,15.072410729687677,3.7254287196736287,3.8009949236571527,0.0755662039835241,0.4540425531914884,0.5499999999999992,0.09595744680851076
3430.0,15.07292365105501,3.7255532408914593,3.80111820104207,0.07556496015061054,0.4540425531914884,0.5499999999999992,0.09595744680851076
3440.0,15.07341903033236,3.7256735881750407,3.8012372117515074,0.07556362357646673,0.4540425531914884,0.5499999999999992,0.09595744680851076
3450.0,15.07389770629927,3.7257899502109866,3.8013521496675784,0.07556219945659182,0.4540425531914884,0.5499999999999992,0.09595744680851076
3460.0,15.074360359478822,3.725902475024405,3.8014632057276327,0.07556073070322755,0.4540425531914884,0.5499999999999992,0.09595744680851076
3470.0,15.074807621108281,3.726011319905501,3.8015705270575566,0.07555920715205566,0.4540425531914884,0.5499999999999992,0.09595744680851076
3480.0,15.075240172439042,3.7261166578599956,3.8016742659912475,0.0755576081312519,0.4540425531914884,0.5499999999999992,0.09595744680851076
3490.0,15.075658635206908,3.7262186049494055,3.801774599682359,0.07555599473295338,0.4540425531914884,0.5499999999999992,0.09595744680851076
3500.0,15.0760634960502,3.726317280791639,3.801871643470125,0.07555436267848581,0.4540425531914884,0.5499999999999992,0.09595744680851076
3510.0,15.076455232092803,3.726412792601999,3.8019655179976226,0.07555272539562363,0.4540425531914884,0.5499999999999992,0.09595744680851076
3520.0,15.076834291354267,3.7265052559642258,3.802056332155111,0.07555107619088508,0.4540425531914884,0.5499999999999992,0.09595744680851076
3530.0,15.077201263090293,3.7265948663586053,3.802144183114363,0.07554931675575771,0.4540425531914884,0.5499999999999992,0.09595744680851076
3540.0,15.077556727308489,3.726681661656967,3.8022292788970447,0.07554761724007752,0.4540425531914884,0.5499999999999992,0.09595744680851076
3550.0,15.077900917143769,3.7267657272284245,3.8023116624316238,0.0755459352031993,0.4540425531914884,0.5499999999999992,0.09595744680851076
3560.0,15.078234169887294,3.726847138701394,3.802391416977513,0.07554427827611887,0.4540425531914884,0.5499999999999992,0.09595744680851076
3570.0,15.078556794852126,3.7269259692713375,3.8024686202883142,0.07554265101697677,0.4540425531914884,0.5499999999999992,0.09595744680851076
3580.0,15.078869174169085,3.7270023673888417,3.802543341016899,0.07554097362805745,0.4540425531914884,0.5499999999999992,0.09595744680851076
3590.0,15.079171725928854,3.727076390701655,3.8026156757916514,0.07553928508999652,0.4540425531914884,0.5499999999999992,0.09595744680851076
3600.0,15.07946482805076,3.7271481232106707,3.802685738078857,0.07553761486818633,0.4540425531914884,0.5499999999999992,0.09595744680851076
