time_s,current_A,voltage_V,soc,negative_particle_average_mol_m3,negative_particle_surface_mol_m3,negative_surface_minus_average_mol_m3,positive_particle_average_mol_m3,positive_particle_surface_mol_m3,positive_surface_minus_average_mol_m3,negative_overpotential_V,positive_overpotential_V,total_overpotential_V
0.0,5.0,3.944904586111898,0.8,24311.64211506697,24311.642115066974,3.637978807091713e-12,24097.78177282931,24097.78177282931,0.0,0.08425403361324764,-0.01292007674843043,-0.09717411036167807
10.0,5.0,3.925523682504943,0.7972222222222223,24280.593137203785,23992.24519564032,-288.3479415634647,24133.90985239695,24876.860331953907,742.9504795569555,0.08372207704473923,-0.012846610035822367,-0.0965686870805616
20.0,5.0,3.9130159333783765,0.7944444444444445,24244.99593271005,23832.055757925315,-412.9401747847369,24171.551418606494,25373.944346238997,1202.3929276325034,0.083468239023436,-0.012804539760359614,-0.09627277878379562
30.0,5.0,3.9035675031779484,0.7916666666666667,24205.516172110663,23702.2634261173,-503.2527459933626,24210.402324928116,25756.293082809127,1545.8907578810104,0.08326867804956964,-0.012774647113069703,-0.09604332516263935
40.0,5.0,3.8957841872306895,0.788888888888889,24162.08145462875,23587.206610776815,-574.874843851936,24250.30801592237,26078.526305191925,1828.2182892695564,0.08309623502572824,-0.01275108519162785,-0.09584732021735609
50.0,5.0,3.8890632619171814,0.7861111111111112,24114.506315001585,23481.102415401965,-633.4038995996198,24291.17538702142,26363.426248925203,2072.2508619037835,0.08294084927080943,-0.012731475304754122,-0.09567232457556354
60.0,5.0,3.8830881481448754,0.7833333333333334,24062.77418040402,23381.070979788296,-681.7032006157242,24332.942019184044,26622.65518422065,2289.7131650366064,0.08279749538979538,-0.012714615585980282,-0.09551211097577565
70.0,5.0,3.877675752563794,0.7805555555555556,24007.087326289387,23285.457125647186,-721.6302006422011,24375.563982793017,26862.758020176996,2487.194037383979,0.08266327066796747,-0.012699825786960883,-0.09536309645492835
80.0,5.0,3.872703072206346,0.7777777777777778,23947.80490866577,23193.14910343308,-754.6558052326909,24419.008630827833,27088.050377157622,2669.041746329789,0.08253623988702029,-0.012686663281991035,-0.09522290316901133
90.0,5.0,3.8680840295603263,0.775,23885.35352498303,23103.39057101709,-781.96295396594,24463.25137013788,27301.485983726434,2838.2346135885527,0.08241508609947025,-0.01267482624386538,-0.09508991234333564
100.0,5.0,3.863756281840711,0.7722222222222223,23820.164188496936,23015.638884266762,-804.5253042301738,24508.273661995107,27505.145471502612,2996.8718095075055,0.08229886564735346,-0.012664100668766609,-0.09496296631612007
110.0,5.0,3.8596730404305895,0.7694444444444445,23752.64859382972,22929.496727334517,-823.1518664952018,24554.06184805171,27700.53944702439,3146.477598972677,0.08218688603038982,-0.012654329049930226,-0.09484121508032003
120.0,5.0,3.855797227729048,0.7666666666666667,23683.177624412492,22844.657749090715,-838.5198753217774,24600.606097388798,27888.83426198804,3288.2281645992407,0.08207861510746182,-0.012645389757585307,-0.09472400486504713
130.0,5.0,3.852098235300381,0.763888888888889,23612.07143827938,22760.87492395694,-851.1965143224406,24647.899696419783,28070.97523625819,3423.0755398384063,0.08197362824924245,-0.012637185587442326,-0.09461081383668478
140.0,5.0,3.8485506219770445,0.7611111111111112,23539.602133229295,22677.95028565725,-861.6518475720441,24695.93869505426,28247.726479634854,3551.7877845805924,0.08187158706845055,-0.012629638260163726,-0.09450122532861427
150.0,5.0,3.845132921894059,0.7583333333333334,23466.00177540195,22595.725061045072,-870.2767143568781,24744.72155000458,28419.71064793815,3674.9890979335723,0.08177222073921238,-0.012622683918392422,-0.0943949046576048
160.0,5.0,3.8418269421727747,0.7555555555555556,23391.46493561993,22514.074505935256,-877.390429684674,24794.248955294817,28587.428846547024,3793.1798912522063,0.08167531465195342,-0.012616270200078113,-0.09429158485203154
170.0,5.0,3.838616314796748,0.7527777777777778,23316.15733800897,22432.891888209902,-883.2654497990661,24844.523195433496,28751.322050854873,3906.798855421377,0.08158068755763767,-0.012610352328589446,-0.09419103988622712
180.0,5.0,3.8354874728282704,0.75,23240.2078671262,22352.1036248099,-888.104242316298,24895.548656870968,28911.71201366036,4016.1633567893914,0.0814882063190469,-0.01260489409839791,-0.0940931004174448
190.0,5.0,3.8324270250498196,0.7472222222222222,23163.730745391178,22271.636119891587,-892.0946254995906,24947.330349857966,29068.928012191795,4121.597662333828,0.08139774515681614,-0.012599862476813956,-0.09399760763363009
200.0,5.0,3.8294228987895313,0.7444444444444445,23086.820523094804,22191.431650912004,-895.3888721828007,24999.874109907338,29223.24263434707,4223.368524439731,0.08130920274236797,-0.012595229353892852,-0.09390443209626081
210.0,5.0,3.8264637296823407,0.7416666666666667,23009.55377402124,22111.44196740609,-898.1118066151503,25053.186545279874,29374.89784533786,4321.711300057985,0.0812224934912529,-0.012590970120379569,-0.09381346361163248
220.0,5.0,3.8235392634594922,0.7388888888888889,22931.985651396208,22031.63472899676,-900.3509223994479,25107.275175999006,29524.079717168228,4416.804541169222,0.08113755323373999,-0.012587063886529049,-0.09372461712026904
230.0,5.0,3.8206385312919053,0.7361111111111112,22854.181355203254,21951.967305629798,-902.2140495734566,25162.145816676733,29671.00942114504,4508.863604468308,0.08105431040293164,-0.01258349073008883,-0.09363780113302046
240.0,5.0,3.817752696339621,0.7333333333333334,22776.165230859166,21872.429877102706,-903.7353537564595,25217.806814313873,29815.79302187589,4597.986207562015,0.08097273070937645,-0.01258023517807405,-0.0935529658874505
250.0,5.0,3.814871377590271,0.7305555555555556,22697.982783613556,21792.99141042435,-904.9913731892048,25274.263457717323,29958.609751717497,4684.346294000174,0.08089276005201149,-0.012577281370580989,-0.09347004142259248
260.0,5.0,3.8119853288911685,0.7277777777777779,22619.658750897608,21713.639173974072,-906.0195769235361,25331.521825040025,30099.57237160751,4768.050546567487,0.08081436512630691,-0.012574616180591682,-0.09338898130689859
270.0,5.0,3.80908527513349,0.7250000000000001,22541.21450684948,21634.361682961862,-906.852823887617,25389.5870066534,30238.787469565967,4849.200462912566,0.08073751527923358,-0.012572227597271139,-0.09330974287650472
280.0,5.0,3.8061614458098707,0.7222222222222222,22462.67405583993,21555.141941966598,-907.5321138733307,25448.462377665102,30376.37969230205,4927.917314636947,0.08066217599049014,-0.012570104283666861,-0.093232280274157
290.0,5.0,3.80320439460461,0.7194444444444444,22384.058030070617,21475.96788463812,-908.0901454324958,25508.150367710787,30512.452129803034,5004.301762092247,0.08058831897955451,-0.012568236207921003,-0.09315655518747551
300.0,5.0,3.8002051536989674,0.7166666666666667,22305.375419857075,21396.834301231156,-908.5411186259189,25568.653130483173,30647.083625903273,5078.4304954201,0.08051592346729415,-0.012566614460159505,-0.09308253792745366
310.0,5.0,3.79715447258208,0.7138888888888889,22226.643730637763,21317.729405321523,-908.9143253162401,25629.97044004069,30780.371455043864,5150.401015003172,0.08044496360454122,-0.012565230618155517,-0.09301019422269674
320.0,5.0,3.7940437576187165,0.7111111111111111,22147.873407386553,21238.646607952913,-909.2267994336398,25692.101529663698,30912.393008700503,5220.291479036805,0.08037541928130296,-0.012564077181949934,-0.09293949646325289
330.0,5.0,3.790865251393202,0.7083333333333334,22069.069186554043,21159.583856533583,-909.4853300204595,25755.045028352386,31043.20786313925,5288.162834786865,0.08030727508155129,-0.012563147378602334,-0.09287042246015362
340.0,5.0,3.7876117763401225,0.7055555555555556,21990.238823029584,21080.536430294967,-909.7023927346163,25818.797622581405,31172.881195108203,5354.083572526797,0.08024051385002187,-0.012562434893015189,-0.09280294874303706
350.0,5.0,3.784277318210777,0.7027777777777778,21911.386414533285,21001.50183100142,-909.8845835318643,25883.355855586284,31301.46985330996,5418.113997723678,0.08017512091368971,-0.01256193394321078,-0.0927370548569005
360.0,5.0,3.7808573618743893,0.7000000000000001,21832.514650005643,20922.479259417156,-910.0353905884876,25948.71477883119,31429.02117372711,5480.306394895921,0.0801110834586512,-0.012561639204089039,-0.09267272266274024
370.0,5.0,3.7773488972009908,0.6972222222222223,21753.627080749866,20843.466220512964,-910.1608602369015,26014.868661121356,31555.586887172794,5540.718226051438,0.08004838771102778,-0.012561545723223424,-0.0926099334342512
380.0,5.0,3.7737508749459714,0.6944444444444445,21674.72684059186,20764.460420007646,-910.266420584212,26081.810865001542,31681.21592977867,5599.405064777129,0.07998702052743963,-0.012561648935056163,-0.09254866946249579
390.0,5.0,3.7700646637209156,0.6916666666666668,21595.81493020573,20685.46199992428,-910.3529302814532,26149.533867862483,31805.94636263469,5656.412494772208,0.07992697104906217,-0.012561944605584317,-0.09248891565464648
400.0,5.0,3.7662940187170313,0.6888888888888889,21516.892504528612,20606.470967375546,-910.4215371530663,26218.029300505732,31929.81473702167,5711.785436515936,0.07986822860117003,-0.012562428785329541,-0.09243065738649957
410.0,5.0,3.7624448501062253,0.6861111111111111,21437.962002753586,20527.48394928358,-910.4780534700039,26287.28836967925,32052.868086411123,5765.579716731874,0.079810780364148,-0.012563097866328282,-0.09237387823047628
420.0,5.0,3.7585258039716574,0.6833333333333333,21359.024495140675,20448.50120076862,-910.5232943720548,26357.301187650224,32175.138205025625,5817.837017375401,0.07975461656767815,-0.01256394845779244,-0.09231856502547059
430.0,5.0,3.754547654447348,0.6805555555555556,21280.08160359501,20369.52215728793,-910.5594463070775,26428.057245928347,32296.658026589866,5868.60078066152,0.07969972713432917,-0.012564977416518828,-0.092264704550848
440.0,5.0,3.7505230058689047,0.6777777777777778,21201.13465444222,20290.546178129898,-910.5884763123213,26499.545585827414,32417.459271185147,5917.913685357733,0.07964610223857796,-0.012566181826036558,-0.09221228406461451
450.0,5.0,3.746465793435231,0.675,21122.18253958677,20211.57269624957,-910.6098433372026,26571.755501724907,32537.57303370799,5965.817531983084,0.07959373240509215,-0.012567558990777997,-0.09216129139587015
460.0,5.0,3.742390732315673,0.6722222222222223,21043.22771634476,20132.600952775916,-910.6267635688455,26644.67481664512,32657.027934736776,6012.353118091654,0.07954260832737858,-0.012569106402517531,-0.09211171472989611
470.0,5.0,3.738312645359989,0.6694444444444445,20964.271776024318,20053.63012317669,-910.6416528476293,26718.29130080971,32775.851940476845,6057.560639667136,0.07949272095598664,-0.012570821746407878,-0.09206354270239452
480.0,5.0,3.734245910966365,0.6666666666666667,20885.31454301192,19974.660148051993,-910.6543949599254,26792.59271568124,32894.0696099703,6101.476894289059,0.07944406200361226,-0.012572702847437266,-0.09201676485104952
490.0,5.0,3.73020385587941,0.663888888888889,20806.355165324367,19895.69126860132,-910.6638967230465,26867.566711028987,33011.70349805072,6144.136787021736,0.07939662360539279,-0.012574747668201571,-0.09197137127359437
500.0,5.0,3.726198183500098,0.6611111111111112,20727.395204632856,19816.72271294629,-910.6724916865642,26943.20040687499,33128.77793480457,6185.577527929585,0.07935039753259354,-0.01257695436598184,-0.09192735189857539
510.0,5.0,3.722238764655107,0.6583333333333334,20648.435199966567,19737.754154078884,-910.6810458876826,27019.48100399804,33245.315048064185,6225.834044066145,0.07930537608584737,-0.012579321220010186,-0.09188469730585755
520.0,5.0,3.7183334961171934,0.6555555555555557,20569.47459139709,19658.7858897386,-910.6887016584915,27096.39529156453,33361.33345534299,6264.938163778457,0.07926155215529022,-0.01258184658410711,-0.09184339873939734
530.0,5.0,3.7144881547812587,0.6527777777777779,20490.51348216228,19579.81786085224,-910.695621310042,27173.93033121464,33476.85252706493,6302.922195850293,0.07921891864693202,-0.012584528961619755,-0.09180344760855177
540.0,5.0,3.710706541327644,0.6500000000000001,20411.55186282554,19500.850085936334,-910.7017768892074,27252.073238829013,33591.89062557105,6339.817386742041,0.07917746873066123,-0.012587366964735993,-0.09176483569539721
550.0,5.0,3.7069906791034866,0.6472222222222224,20332.589563746285,19421.882681417585,-910.7068823287009,27330.811090210384,33706.46491037811,6375.653820167729,0.07913719584108907,-0.012590359300645528,-0.0917275551417346
560.0,5.0,3.7033410517707446,0.6444444444444446,20253.627079821843,19342.91533850277,-910.7117413190717,27410.130147065986,33820.59202264216,6410.461875576173,0.07909809341173267,-0.012593504781035858,-0.09169159819276852
570.0,5.0,3.6997569233843244,0.6416666666666667,20174.66405351343,19263.948309961,-910.7157435524277,27490.01779569785,33934.28747798048,6444.269682282626,0.07906015536990994,-0.01259680229925898,-0.09165695766916893
580.0,5.0,3.696236616081084,0.638888888888889,20095.700405534757,19184.981677246058,-910.7187282886989,27570.46120114394,34047.566258016595,6477.105056872657,0.07902337575627504,-0.012600250839722658,-0.0916236265959977
590.0,5.0,3.6927777976821203,0.6361111111111112,20016.73611204663,19106.01548718054,-910.7206248660914,27651.44763223331,34160.44281402514,6508.99518179183,0.07898774879510975,-0.012603849473335418,-0.09159159826844517
600.0,5.0,3.6893787019961057,0.6333333333333334,19937.771520236984,19027.04946712845,-910.7220531085331,27733.016922116956,34272.8932475732,6539.876325456244,0.07895326877166138,-0.012607596065726187,-0.09156086483738757
610.0,5.0,3.686034614018166,0.6305555555555555,19858.806776682315,18948.083526107846,-910.7232505744687,27815.05903538045,34385.001819611745,6569.942784231294,0.07891993026035708,-0.012611492198255714,-0.0915314224586128
620.0,5.0,3.682743249886949,0.6277777777777778,19779.841901779986,18869.117656327424,-910.7242454525622,27897.595658171107,34496.75643875599,6599.1607805848835,0.07888772806944633,-0.012615536395794633,-0.09150326446524096
630.0,5.0,3.6795016885797165,0.625,19700.87693402264,18790.15183911263,-910.7250949100089,27980.610329278417,34608.17461349931,6627.564284220891,0.07885665719607811,-0.012619728263927838,-0.09147638546000594
640.0,5.0,3.6763076583028007,0.6222222222222222,19621.911873319797,18711.18607443046,-910.7257988893361,28064.102229421922,34719.25691940343,6655.1546899815075,0.07882671283559015,-0.012624066850056608,-0.09145077968564676
650.0,5.0,3.673159089719724,0.6194444444444445,19542.946722300305,18632.220360681546,-910.7263616187593,28148.06735772973,34830.00674297603,6681.9393852463,0.07879789037058284,-0.01262855133521148,-0.09142644170579432
660.0,5.0,3.670053519066655,0.6166666666666667,19463.981524704122,18553.25467508404,-910.7268496200813,28232.47314602114,34940.45449291037,6707.981346889232,0.07877018536202798,-0.012633182086362812,-0.0914033674483908
670.0,5.0,3.6669899778073987,0.6138888888888889,19385.01625876523,18474.28902897472,-910.727229790511,28317.33580098279,35050.58503713114,6733.249236148349,0.0787435935668345,-0.012637957651453643,-0.09138155121828814
680.0,5.0,3.6639667060751404,0.6111111111111112,19306.050953190534,18395.323406521184,-910.72754666935,28402.62451380181,35160.42569574781,6757.801181945997,0.07871811091403738,-0.012642878437408717,-0.0913609893514461
690.0,5.0,3.6609828300688383,0.6083333333333334,19227.0856124291,18316.3578052697,-910.7278071593973,28488.334509661894,35269.98070288983,6781.646193227934,0.07869373351697281,-0.012647943937511015,-0.09134167745448382
700.0,5.0,3.658037892589174,0.6055555555555556,19148.120232639852,18237.392227226985,-910.7280054128678,28574.467686333654,35379.248101493125,6804.780415159472,0.0786704576679037,-0.012653153382930556,-0.09132361105083425
710.0,5.0,3.6551307661378862,0.6027777777777779,19069.154838208706,18158.426658307035,-910.728179901671,28660.985190775828,35488.2607818807,6827.2755911048735,0.07864827983030258,-0.012658507743190654,-0.09130678757349323
720.0,5.0,3.652261760450447,0.6000000000000001,18990.189417381513,18079.461105299393,-910.7283120821194,28747.9057503859,35597.00289072083,6849.097140334932,0.07862719664789486,-0.01266400569070541,-0.09129120233860027
730.0,5.0,3.6494303569523256,0.5972222222222223,18911.223981475756,18000.49556145777,-910.7284200179856,28835.201791997337,35705.496786535055,6870.294994537719,0.07860720493314044,-0.012669647833818274,-0.09127685276695871
740.0,5.0,3.646636555055252,0.5944444444444446,18832.25853380083,17921.530024809465,-910.7285089913639,28922.865252842294,35813.74900725835,6890.88375441606,0.07858830167091496,-0.01267543406567293,-0.09126373573658789
750.0,5.0,3.6438806928518144,0.5916666666666667,18753.29307157575,17842.564496999647,-910.7285745761037,29010.90082257217,35921.75556062041,6910.854738048241,0.07857048401650214,-0.01268136374408561,-0.09125184776058776
760.0,5.0,3.641162237888322,0.5888888888888889,18674.32760480863,17763.59897195304,-910.7286328555892,29099.265947574382,36029.549301369814,6930.283353795432,0.07855374929167967,-0.012687438319340487,-0.09124118761102015
770.0,5.0,3.638481749932092,0.5861111111111111,18595.362130363123,17684.63345157354,-910.7286787895828,29187.973963319302,36137.1199334706,6949.145970151301,0.07853809498699484,-0.012693656919412788,-0.09123175190640763
780.0,5.0,3.6358394386657262,0.5833333333333334,18516.396649229056,17605.66793526027,-910.7287139687869,29277.020661114067,36244.47070636592,6967.450045251855,0.07852351875817881,-0.01270001943748027,-0.09122353819565908
790.0,5.0,3.6332354812979633,0.5805555555555556,18437.43116239628,17526.702422412356,-910.7287399839224,29366.401832265827,36351.60486949897,6985.2030372331465,0.07851001842563333,-0.012706525798054681,-0.09121654422368802
800.0,5.0,3.630669687071099,0.5777777777777778,18358.4656713664,17447.736912105294,-910.7287592611065,29456.09422794992,36458.53915586394,7002.444927914017,0.0784975919733655,-0.012713176805509523,-0.09121076877887503
810.0,5.0,3.6281420586277306,0.575,18279.50017724654,17368.771403664032,-910.7287735825084,29546.0892763081,36565.27990474408,7019.190628435979,0.07848623754815026,-0.01271997270553706,-0.09120621025368732
820.0,5.0,3.625652645045016,0.5722222222222222,18200.534680951223,17289.805896535334,-910.7287844158891,29636.3855701761,36671.82838163864,7035.442811462541,0.07847595345863712,-0.01272691345948316,-0.09120286691812027
830.0,5.0,3.6232013127141203,0.5694444444444444,18121.56918356046,17210.84039006132,-910.72879349914,29726.975546217283,36778.19021163147,7051.214665414183,0.07846673817453292,-0.01273399934241202,-0.09120073751694495
840.0,5.0,3.620787832231974,0.5666666666666667,18042.603685387337,17131.874884052664,-910.7288013346733,29817.850364880123,36884.37157572856,7066.5212108484375,0.07845859032595623,-0.01274123071359839,-0.09119982103955462
850.0,5.0,3.618411852969726,0.5638888888888889,17963.63818447658,17052.909379706012,-910.7288047705661,29908.997411882145,36990.38029921786,7081.382887335716,0.07845150870284866,-0.012748608097422473,-0.09120011680027112
860.0,5.0,3.616073009086798,0.5611111111111111,17884.67268316405,16973.943875596153,-910.7288075678989,30000.41121375563,37096.221096831156,7095.809883075526,0.07844549225404489,-0.012756131854359672,-0.09120162410840456
870.0,5.0,3.6137708230014636,0.5583333333333333,17805.70718208231,16894.97837133858,-910.7288107437307,30092.083462545117,37201.89991801009,7109.81645546497,0.07844054008716997,-0.01276380247665916,-0.09120434256382913
880.0,5.0,3.611504736458704,0.5555555555555556,17726.741681863885,16816.012866548826,-910.7288153150585,30184.005850295107,37307.422712196116,7123.416861901009,0.0784366514681143,-0.012771620505464248,-0.09120827197357854
890.0,5.0,3.6092742058977825,0.5527777777777778,17647.776180423938,16737.047362500783,-910.7288179231546,30276.17418836187,37412.79106140206,7136.616873040188,0.07843382582074382,-0.012779586197653051,-0.09121341201839687
900.0,5.0,3.6070785192625223,0.55,17568.8106784533,16658.081858774374,-910.7288196789268,30368.580080422136,37518.01100875983,7149.430928337693,0.07843206272647155,-0.012787700180532768,-0.09121976290700431
910.0,5.0,3.6049168969653236,0.5472222222222222,17489.845176704577,16579.116354911872,-910.7288217927053,30461.215036521917,37623.08869667175,7161.873660149835,0.07843136192418274,-0.01279596313962838,-0.09122732506381112
920.0,5.0,3.6027885171128506,0.5444444444444444,17410.87967540339,16500.15085077707,-910.7288246263197,30554.071365540312,37728.02942059121,7173.9580550508945,0.07843172331011344,-0.012804375743258878,-0.09123609905337232
930.0,5.0,3.600692544618717,0.5416666666666666,17331.914174293328,16421.185346525996,-910.7288277673324,30647.143785531815,37832.83641416009,7185.692628628276,0.07843314693778193,-0.01281293853626062,-0.09124608547404255
940.0,5.0,3.598628146766602,0.5388888888888889,17252.94867249209,16342.219842693903,-910.7288297981868,30740.430142541747,37937.51023403493,7197.080091493186,0.07843563301799036,-0.012821651872767122,-0.09125728489075749
950.0,5.0,3.596594315562378,0.5361111111111111,17173.983170697116,16263.254338858702,-910.7288318384144,30833.920387450024,38042.058193683144,7208.1378062331205,0.07843918191896512,-0.0128305167029416,-0.09126969862190672
960.0,5.0,3.594590064665571,0.5333333333333333,17095.017668940895,16184.28883500129,-910.7288339396036,30927.607794454427,38146.4847624227,7218.87696796827,0.07844379416650157,-0.012839533789255793,-0.09128332795575736
970.0,5.0,3.592614378691058,0.5305555555555556,17016.052167255908,16105.323331102563,-910.7288361533447,31021.485637752747,38250.79440957149,7229.308771818745,0.07844947044421055,-0.012848703937075476,-0.09129817438128603
980.0,5.0,3.5906663178286946,0.5277777777777777,16937.086665336486,16026.357827344607,-910.7288379918791,31115.55409159835,38354.986222090054,7239.432130491703,0.07845621159381404,-0.012858027509201467,-0.0913142391030155
990.0,5.0,3.5887448005578952,0.5249999999999999,16858.12116328856,15947.392323664613,-910.7288396239474,31209.8049315139,38459.06583833109,7249.260906817188,0.078464018615566,-0.012867505479892457,-0.09133152409545846
1000.0,5.0,3.5868487584540794,0.5222222222222221,16779.15566113209,15868.426820050921,-910.728841081167,31304.231687125866,38563.03752836658,7258.805841240712,0.07847289266869453,-0.012877138746955206,-0.09135003141564974
1010.0,5.0,3.5849771237504857,0.5194444444444444,16700.190158855818,15789.461316510462,-910.7288423453556,31398.828525098543,38666.90506534999,7268.076540251444,0.07848283507193728,-0.012886928204197444,-0.09136976327613472
1020.0,5.0,3.5831288620467414,0.5166666666666666,16621.224656485552,15710.495813027097,-910.7288434584552,31493.592630341765,38770.67005451354,7277.077424171774,0.07849384730415528,-0.012896874576398718,-0.091390721880554
1030.0,5.0,3.581302950933831,0.5138888888888888,16542.25915406148,15631.53030957575,-910.7288444857313,31588.522361643838,38874.333257925566,7285.810896281728,0.0785059310050161,-0.012906978532428032,-0.09141290953744413
1040.0,5.0,3.579498294613748,0.5111111111111111,16463.293651549775,15552.564806177392,-910.7288453723831,31683.6100454067,38977.89977054832,7294.289725141622,0.07851908797574454,-0.012917241195795763,-0.0914363291715403
1050.0,5.0,3.5777138373742594,0.5083333333333333,16384.328148950488,15473.599302831872,-910.7288461186163,31778.850770823832,39081.3727029084,7302.5219320845645,0.07853332017996767,-0.012927663538857843,-0.09146098371882551
1060.0,5.0,3.575948531061349,0.5055555555555555,16305.362646263742,15394.63379953907,-910.7288467246726,31874.239629901975,39184.755163511734,7310.51553360976,0.07854862974462531,-0.012938246571690942,-0.09148687631631626
1070.0,5.0,3.5742013370969246,0.5027777777777778,16226.397143489658,15315.668296298807,-910.7288471908505,31969.77171746106,39288.05025884356,7318.278541382504,0.0785650189609608,-0.012948991342556558,-0.09151401030351736
1080.0,5.0,3.572471228095785,0.49999999999999994,16147.43164062842,15236.702793110884,-910.7288475175355,32065.44213113428,39391.26109336848,7325.818962234196,0.07858249028559117,-0.012959898938384602,-0.09154238922397577
1090.0,5.0,3.5707571929807296,0.4972222222222221,16068.466137683576,15157.737289973122,-910.7288477104539,32161.246327427565,39494.39052847241,7333.1442010448445,0.07860104634165754,-0.0129709704591954,-0.09157201680085295
1100.0,5.0,3.5690583243085396,0.49444444444444435,15989.500634737555,15078.771786836407,-910.7288479011477,32257.188159100606,39597.435741028305,7340.247581927699,0.07862068992006814,-0.012982206418657757,-0.0916028963387259
1110.0,5.0,3.5673735833203173,0.4916666666666666,15910.535131748242,14999.806283725706,-910.7288480225361,32353.25821991571,39700.40288434459,7347.144664428881,0.07864142398078251,-0.01299360833224261,-0.09163503231302512
1120.0,5.0,3.565702004932515,0.4888888888888888,15831.569628724657,14920.840780635544,-910.728848089113,32449.452544794844,39803.29442786224,7353.8418830673945,0.07866325165423318,-0.013005177359581985,-0.09166842901381517
1130.0,5.0,3.5640426386181128,0.48611111111111105,15752.604125676467,14841.875277560097,-910.7288481163705,32545.76723863977,39906.112793528664,7360.345554888892,0.07868617624280146,-0.013016914691928519,-0.09170309093472997
1140.0,5.0,3.5623945481147627,0.4833333333333333,15673.638622614017,14762.90977449312,-910.7288481208961,32642.198476331967,40008.8603557979,7366.661879465933,0.07871020122238617,-0.01302882155228841,-0.09173902277467458
1150.0,5.0,3.5607568108965335,0.4805555555555555,15594.673119548312,14683.944271427978,-910.7288481203341,32738.742502732628,40111.53944163052,7372.796938897893,0.07873533024406094,-0.013040899195565513,-0.09177622943962646
1160.0,5.0,3.5591285174297185,0.47777777777777775,15515.707616491016,14604.978768357634,-910.7288481333817,32835.395632682754,40214.15233049365,7378.756697810895,0.078761567135821,-0.013053148908716412,-0.0918147160445374
1170.0,5.0,3.5575087765712223,0.4749999999999999,15436.742113445438,14526.013265280164,-910.728848165274,32932.15489977501,40316.70083155004,7384.545931775036,0.07878891590441964,-0.013065571959321138,-0.09185448786374077
1180.0,5.0,3.555896719299608,0.47222222222222215,15357.776610399207,14447.047762203201,-910.7288481960059,33029.01857990997,40419.18594245171,7390.167362541739,0.07881738073729805,-0.013078169549741794,-0.09189555028703984
1190.0,5.0,3.554291777227245,0.4694444444444444,15278.81110734946,14368.082259128505,-910.7288482209551,33126.017617705525,40521.58889675757,7395.571279052041,0.07884696600461787,-0.013090940429716223,-0.09193790643433408
1200.0,5.0,3.5526926090843736,0.4666666666666666,15199.845604297534,14289.11675605515,-910.7288482423846,33223.096319029384,40623.94352082918,7400.847201799799,0.0788776762613849,-0.013103889937799163,-0.09198156619918406
1200.0000000000002,0.0,3.644674175283557,0.4666666666666666,15199.845604297534,14289.11675605515,-910.7288482423846,33223.096319029384,40623.94352082918,7400.847201799799,0.0,0.0,0.0
1210.0,0.0,3.6549401451021772,0.4666666666666666,15151.929382142684,14529.538271531603,-622.3911106110809,33284.12685610716,39947.189694307126,6663.062838199963,0.0,0.0,0.0
1220.0,0.0,3.6611458481493604,0.4666666666666666,15108.561094278277,14610.75985861698,-497.80123566129623,33343.7371682642,39552.35450881513,6208.617340550933,0.0,0.0,0.0
1230.0,0.0,3.6656886982873162,0.4666666666666666,15069.075365645393,14661.591908638555,-407.48345700683785,33402.22860929435,39272.194052668616,5869.965443374269,0.0,0.0,0.0
1240.0,0.0,3.669350603062202,0.4666666666666666,15033.54458203643,14697.689357193036,-335.85522484339344,33459.753115883825,39052.09618654519,5592.343070661365,0.0,0.0,0.0
1250.0,0.0,3.672460382109308,0.4666666666666666,15002.154188582863,14724.826874219012,-277.32731436385075,33516.401240958825,38869.28563630329,5352.884395344467,0.0,0.0,0.0
1260.0,0.0,3.675187410141734,0.4666666666666666,14974.920728705623,14745.891986617487,-229.0287420881359,33572.23293181564,38712.10044211677,5139.8675103011265,0.0,0.0,0.0
1270.0,0.0,3.6776264725072094,0.4666666666666666,14951.641820323031,14762.541014928944,-189.10080539408773,33627.28973427862,38573.989039752516,4946.6993054739,0.0,0.0,0.0
1280.0,0.0,3.679840500675252,0.4666666666666666,14931.958475038296,14775.884440971184,-156.07403406711273,33681.601969447496,38450.636630673514,4769.034661226018,0.0,0.0,0.0
1290.0,0.0,3.681872632193477,0.4666666666666666,14915.444566872826,14786.678264575681,-128.76630229714465,33735.19196302873,38339.09545876165,4603.90349573292,0.0,0.0,0.0
1300.0,0.0,3.6837532083663516,0.4666666666666666,14901.668551855604,14795.464375671168,-106.20417618443571,33788.07603921263,38237.28974703393,4449.213707821298,0.0,0.0,0.0
1310.0,0.0,3.685504195596486,0.4666666666666666,14890.218360533268,14802.639963109026,-87.57839742424221,33840.265714903944,38143.71019220469,4303.444477300749,0.0,0.0,0.0
1320.0,0.0,3.6871427154710448,0.4666666666666666,14880.72358618686,14808.512792035757,-72.21079415110216,33891.76876808573,38057.18590704018,4165.41713895445,0.0,0.0,0.0
1330.0,0.0,3.688682752969842,0.4666666666666666,14872.864500806532,14813.330421483097,-59.534079323435435,33942.58991069354,37976.770868373955,4034.1809576804153,0.0,0.0,0.0
1340.0,0.0,3.6901355986159317,0.4666666666666666,14866.36883049875,14817.290134909994,-49.07869558875609,33992.731129364576,37901.70493442567,3908.9738050610904,0.0,0.0,0.0
1350.0,0.0,3.6915105878700696,0.4666666666666666,14861.00339814774,14820.55142217807,-40.45197596967046,34042.192100027765,37831.36379154784,3789.171691520074,0.0,0.0,0.0
1360.0,0.0,3.692815019187704,0.4666666666666666,14856.574422986032,14823.237338476994,-33.337084509037595,34090.97023440907,37765.25418995043,3674.2839555413593,0.0,0.0,0.0
1370.0,0.0,3.6940554869567035,0.4666666666666666,14852.917125286063,14825.453601851605,-27.463523434458693,34139.06139290241,37702.93993907726,3563.8785461748485,0.0,0.0,0.0
1380.0,0.0,3.695236861624341,0.4666666666666666,14849.900403745458,14827.276948840046,-22.623454905411563,34186.45960476178,37644.08841100471,3457.6288062429303,0.0,0.0,0.0
1390.0,0.0,3.696363902230655,0.4666666666666666,14847.413401078467,14828.776966609763,-18.636434468704465,34233.157953969116,37588.38633447422,3355.2283805051047,0.0,0.0,0.0
1400.0,0.0,3.697441297344194,0.4666666666666666,14845.35552439553,14830.01837172074,-15.337152674790559,34279.149383865326,37535.536243597875,3256.386859732549,0.0,0.0,0.0
1410.0,0.0,3.6984721078013654,0.4666666666666666,14843.659900584655,14831.040184642308,-12.619715942346375,34324.42496896317,37485.33022226276,3160.905253299592,0.0,0.0,0.0
1420.0,0.0,3.6994598376715655,0.4666666666666666,14842.25915221636,14831.885100316906,-10.374051899454571,34368.976633680184,37437.54697923739,3068.5703455572075,0.0,0.0,0.0
1430.0,0.0,3.7004072992371393,0.4666666666666666,14841.101529090345,14832.584350801315,-8.517178289030198,34412.79589316271,37392.0058402452,2979.2099470824905,0.0,0.0,0.0
1440.0,0.0,3.7013163142823795,0.4666666666666666,14840.154972562737,14833.154243561632,-7.000729001105356,34455.87364653199,37348.57917288937,2892.7055263573784,0.0,0.0,0.0
1450.0,0.0,3.702189906354197,0.4666666666666666,14839.373590838406,14833.626154589048,-5.747436249357634,34498.20318306511,37307.08733035446,2808.8841472893473,0.0,0.0,0.0
1460.0,0.0,3.703029437607647,0.4666666666666666,14838.736277520924,14834.008555638316,-4.727721882607511,34539.77666286696,37267.43383118212,2727.657168315156,0.0,0.0,0.0
1470.0,0.0,3.703837128182819,0.4666666666666666,14838.216125513374,14834.320385918432,-3.895739594941915,34580.5883500717,37229.485519825736,2648.897169754033,0.0,0.0,0.0
1480.0,0.0,3.7046147591468768,0.4666666666666666,14837.79045400765,14834.574830721598,-3.215623286052505,34620.633300195695,37193.13342073026,2572.5001205345616,0.0,0.0,0.0
1490.0,0.0,3.7053639832256366,0.4666666666666666,14837.44147960783,14834.782955531255,-2.6585240765762137,34659.907589588445,37158.27757926473,2498.3699896762846,0.0,0.0,0.0
1500.0,0.0,3.7060862484599038,0.4666666666666666,14837.156167867364,14834.952986385306,-2.203181482058426,34698.408345406875,37124.8301789124,2426.4218335055266,0.0,0.0,0.0
1510.0,0.0,3.7067831900844146,0.4666666666666666,14836.918090573328,14835.095938551487,-1.822152021841248,34736.13449901737,37092.69720855392,2356.562709536549,0.0,0.0,0.0
1520.0,0.0,3.707455793136965,0.4666666666666666,14836.72192562812,14835.213988017416,-1.5079376107041753,34773.084950321645,37061.81655791051,2288.7316075888666,0.0,0.0,0.0
1530.0,0.0,3.70810527335314,0.4666666666666666,14836.558240042268,14835.31299660189,-1.2452434403785446,34809.260815443275,37032.11731934942,2222.856503906143,0.0,0.0,0.0
1540.0,0.0,3.708732655955095,0.4666666666666666,14836.421588092184,14835.396164851589,-1.025423240595046,34844.66359316628,37003.538873929574,2158.875280763292,0.0,0.0,0.0
1550.0,0.0,3.7093388193499246,0.4666666666666666,14836.308178686502,14835.465203824457,-0.8429748620455939,34879.2960202525,36976.02865136892,2096.7326311164215,0.0,0.0,0.0
1560.0,0.0,3.7099246455801684,0.4666666666666666,14836.214425542761,14835.522147465143,-0.6922780776185391,34913.161888136594,36949.53515624129,2036.3732681046968,0.0,0.0,0.0
1570.0,0.0,3.710491107317008,0.4666666666666666,14836.136117172206,14835.570355135676,-0.5657620365291223,34946.26588575095,36924.00398915764,1977.7381034066857,0.0,0.0,0.0
1580.0,0.0,3.7110388894684507,0.4666666666666666,14836.071664266045,14835.60997846448,-0.46168580156518146,34978.613768516545,36899.39470101937,1920.7809325028284,0.0,0.0,0.0
1590.0,0.0,3.7115686688166116,0.4666666666666666,14836.019276402201,14835.64140216562,-0.37787423658119224,35010.212240283945,36875.66808497139,1865.4558446874435,0.0,0.0,0.0
1600.0,0.0,3.712081282272298,0.4666666666666666,14835.976982667726,14835.667146130774,-0.3098365369514795,35041.06841196476,36852.77865059963,1811.7102386348633,0.0,0.0,0.0
1610.0,0.0,3.7125774047069457,0.4666666666666666,14835.943021324672,14835.688180174267,-0.25484115040489996,35071.19053592683,36830.68891195934,1759.4983760325122,0.0,0.0,0.0
1620.0,0.0,3.7130576297339335,0.4666666666666666,14835.915499440953,14835.704883473823,-0.2106159671293426,35100.58779942391,36809.36566938332,1708.7778699594055,0.0,0.0,0.0
1630.0,0.0,3.7135225578733295,0.4666666666666666,14835.89233972895,14835.71802503147,-0.17431469748044037,35129.27001302666,36788.77603698168,1659.506023955022,0.0,0.0,0.0
1640.0,0.0,3.7139727996891656,0.4666666666666666,14835.875561713994,14835.728141755691,-0.14741995830263477,35157.24620800292,36768.887253560715,1611.6410455577934,0.0,0.0,0.0
1650.0,0.0,3.7144089044536486,0.4666666666666666,14835.862160956483,14835.736091517116,-0.1260694393677113,35184.52757899919,36749.66980112973,1565.1422221305402,0.0,0.0,0.0
1660.0,0.0,3.714831418684083,0.4666666666666666,14835.850407726504,14835.742747430642,-0.10766029586193326,35211.125300519765,36731.09476026695,1519.9694597471826,0.0,0.0,0.0
1670.0,0.0,3.715240838819653,0.4666666666666666,14835.8397822335,14835.748484730944,-0.09129750255488034,35237.05067694911,36713.13583970836,1476.0851627592492,0.0,0.0,0.0
1680.0,0.0,3.715637587984291,0.4666666666666666,14835.832023624394,14835.752766825204,-0.07925679919026152,35262.31485974434,36695.77033088562,1433.4554711412784,0.0,0.0,0.0
1690.0,0.0,3.716022159923283,0.4666666666666666,14835.82513591748,14835.756539953993,-0.0685959634865867,35286.929968422846,36678.97282051337,1392.0428520905261,0.0,0.0,0.0
1700.0,0.0,3.7163950001013917,0.4666666666666666,14835.818510278934,14835.760194916636,-0.05831536229743506,35310.90799588533,36662.72033342929,1351.812337543961,0.0,0.0,0.0
1710.0,0.0,3.7167564851065134,0.4666666666666666,14835.812504416452,14835.763538369221,-0.04896604723035125,35334.261279061415,36646.9931848946,1312.731905833185,0.0,0.0,0.0
1720.0,0.0,3.7171069900536393,0.4666666666666666,14835.80726471988,14835.766497923,-0.04076679688114382,35357.00213008185,36631.772024428894,1274.769894347046,0.0,0.0,0.0
1730.0,0.0,3.717446895148801,0.4666666666666666,14835.802636977678,14835.769174115,-0.03346286267878895,35379.142752831234,36617.03753574177,1237.8947829105382,0.0,0.0,0.0
1740.0,0.0,3.7177765498806936,0.4666666666666666,14835.798818739213,14835.7714472743,-0.027371464913812815,35400.69536515856,36602.77196318363,1202.0765980250726,0.0,0.0,0.0
1750.0,0.0,3.718096286621785,0.4666666666666666,14835.79529474518,14835.773598812782,-0.021695932397051365,35421.67324024093,36588.958512470264,1167.285272229332,0.0,0.0,0.0
1760.0,0.0,3.7184064253620024,0.4666666666666666,14835.79238465979,14835.775410972197,-0.016973687592326314,35442.08844054843,36575.581108865204,1133.4926683167723,0.0,0.0,0.0
1770.0,0.0,3.718707273274773,0.4666666666666666,14835.790137119728,14835.776807487064,-0.013329632663953817,35461.95332399871,36562.62441374582,1100.671089747113,0.0,0.0,0.0
1780.0,0.0,3.7189991276573036,0.4666666666666666,14835.788544657062,14835.777751314035,-0.010793343026307411,35481.28022282428,36550.07368131657,1068.7934584922914,0.0,0.0,0.0
1790.0,0.0,3.7192822801391574,0.4666666666666666,14835.78740666404,14835.778409060953,-0.00899760308675468,35500.08175311644,36537.914568655324,1037.8328155388808,0.0,0.0,0.0
1800.0,0.0,3.7195570148984385,0.4666666666666666,14835.786492330832,14835.778925514245,-0.007566816586404457,35518.37024674731,36526.13319667136,1007.7629499240502,0.0,0.0,0.0
1800.0000000000002,2.5,3.6642460218593693,0.4666666666666666,14835.786492330832,14835.778925514245,-0.007566816586404457,35518.37024674731,36526.13319667136,1007.7629499240502,0.048903763766176916,-0.006407229272892636,-0.055310993039069556
1810.0,2.5,3.6554829252652943,0.4652777777777779,14820.260644111497,14676.129508986847,-144.13113512464952,35554.22204514956,36904.21855879461,1349.9965136450483,0.04894433744804478,-0.006420085580107084,-0.055364423028151866
1820.0,2.5,3.650196706153358,0.4638888888888891,14802.461282030761,14596.033166696836,-206.42811533392523,35590.34182529073,37141.6806524089,1551.3388271181684,0.04896608463964211,-0.006428684509959096,-0.0553947691496012
1830.0,2.5,3.646281729038495,0.46250000000000024,14782.720926045475,14531.105190849452,-251.6157351960228,35626.58936503589,37322.165316619445,1695.5759515835525,0.048984399207321505,-0.0064354942707773605,-0.055419893478098864
1840.0,2.5,3.6430786819774976,0.46111111111111136,14761.00360909956,14473.563694096938,-287.439915002622,35662.89914863646,37472.9119400253,1810.0127913888355,0.049001145333298496,-0.0064413651749083475,-0.055442510508206845
1850.0,2.5,3.640314599022477,0.4597222222222224,14737.216142936019,14420.502781317173,-316.71336161884574,35699.23617515721,37605.31666830686,1906.0804931496532,0.04901701784159114,-0.006446660385828628,-0.055463678227419766
1860.0,2.5,3.6378527056429197,0.4583333333333335,14711.34852026382,14370.502658566547,-340.845861697273,35735.58078199597,37725.10377323779,1989.5229912418217,0.0490323537792221,-0.006451563502527501,-0.055483917281749597
1870.0,2.5,3.6356114280754674,0.4569444444444446,14683.503320389345,14322.687594293693,-360.8157260956523,35771.92187624886,37835.70806233635,2063.786186087491,0.049047364539734,-0.006456186286770586,-0.055503550826504586
1880.0,2.5,3.6335412265301326,0.4555555555555557,14653.860637741203,14276.525453318493,-377.3351844227109,35808.254300011744,37939.19954326368,2130.9452432519392,0.04906217732874602,-0.006460595371532053,-0.05552277270027808
1890.0,2.5,3.6316073540567966,0.45416666666666683,14622.631188140373,14231.639308880203,-390.9918792601693,35844.576538156536,38037.03742911541,2192.4608909588715,0.049076883858203746,-0.006464838338528209,-0.05554172219673195
1900.0,2.5,3.629785361397282,0.45277777777777795,14590.034283965399,14187.760234046795,-402.27404991860385,35880.89000317573,38130.24385610238,2249.3538529266516,0.04909155019167809,-0.0064689484011953265,-0.05556049859287342
1910.0,2.5,3.628057590231173,0.45138888888888906,14556.278649447553,14144.692531580218,-411.5861178673349,35917.1983611053,38219.54981591714,2302.35145481184,0.049106224678570676,-0.006472949004850479,-0.055579173683421156
1920.0,2.5,3.626410038098018,0.4500000000000002,14521.54755057471,14102.28109196263,-419.2664586120809,35953.50686019042,38305.538078806494,2352.0312186160736,0.04912094675664919,-0.006476859125516931,-0.055597805882166125
1930.0,2.5,3.6248311564452607,0.44861111111111135,14485.99778216764,14060.397632308412,-425.6001498592286,35989.822043384964,38388.694713567056,2398.8726701820924,0.04913575040717466,-0.006480695015838784,-0.055616445423013444
1940.0,2.5,3.6233116910928764,0.44722222222222247,14449.763859033823,14018.939471140213,-430.82438789361004,36026.15165832517,38469.40895000215,2443.2572916769786,0.049150663653706544,-0.006484469780341494,-0.05563513343404804
1950.0,2.5,3.621844387848941,0.4458333333333336,14412.96154846725,13977.82776673241,-435.13378173484125,36062.504540111506,38547.98183377587,2485.477293664364,0.049165708349227004,-0.006488193409525155,-0.05565390175875216
1960.0,2.5,3.620423490435908,0.4444444444444447,14375.689826836848,13937.002261625796,-438.68756521105206,36098.89043960791,38624.64791480828,2525.757475200371,0.04918090137002926,-0.006491873505949102,-0.05567277487597837
1970.0,2.5,3.6190440405642916,0.4430555555555558,14338.030053095077,13896.412312580087,-441.61774051499015,36135.319761988096,38699.60991630816,2564.290154320064,0.049196257440437194,-0.006495516745048493,-0.05569177418548569
1980.0,2.5,3.617701996358992,0.4416666666666669,14300.051668123657,13856.019443667388,-444.0322244562685,36171.80353209011,38773.02963460815,2601.2261025180414,0.04921178783421738,-0.0064991283064539255,-0.05571091614067131
1990.0,2.5,3.616393534748618,0.440277777777778,14261.808179683238,13815.786605017667,-446.02157466557037,36208.35301624359,38845.06488361593,2636.711867372338,0.049227504221854144,-0.006502713586162136,-0.05573021780801628
2000.0,2.5,3.6151156108479476,0.4388888888888891,14223.348397688173,13775.687785086038,-447.6606126021343,36244.9798858326,38915.836762115134,2670.8568762825307,0.0492434147793623,-0.006506276514244879,-0.055749691293607184
2010.0,2.5,3.6138653439371633,0.4375000000000002,14184.707990808407,13735.697796953964,-449.01019385444306,36281.695725901,38985.46289154232,2703.767165641322,0.04925952799414765,-0.006509821141261908,-0.05576934913540956
2020.0,2.5,3.612640282727428,0.43611111111111134,14145.920766480349,13695.797412119753,-450.12335436059584,36318.512181267295,39054.04153494071,2735.529353673417,0.04927585052343404,-0.006513350798645419,-0.055789201322079464
2030.0,2.5,3.611438254371737,0.43472222222222245,14107.011014820999,13655.970558845991,-451.0404559750077,36355.44060383827,39121.659250519515,2766.218646681242,0.049292388183464625,-0.006516868438609036,-0.05580925662207366
2040.0,2.5,3.6102572906910444,0.43333333333333357,14068.001541726078,13616.203503364484,-451.7980383615941,36392.49204386656,39188.39451053775,2795.902466671192,0.04930914620078892,-0.006520376788170243,-0.055829522988959164
2050.0,2.5,3.609095706045235,0.43194444444444463,14028.909004942436,13576.486097216324,-452.4229077261116,36429.67713139759,39254.312546781264,2824.635415383673,0.04932612860413474,-0.00652387804791857,-0.05585000665205331
2060.0,2.5,3.607951946411763,0.43055555555555575,13989.748466558454,13536.80939729468,-452.9390692637735,36467.00593114378,39319.47364690779,2852.467715764011,0.04934333915453098,-0.0065273743004121846,-0.05587071345494316
2070.0,2.5,3.6068246395932246,0.42916666666666686,13950.53136655699,13497.166605703274,-453.3647608537158,36504.487981100276,39383.9298118231,2879.441830722826,0.04936078089269976,-0.006530867312412113,-0.055891648205111874
2080.0,2.5,3.6057125286034397,0.427777777777778,13911.26729903882,13457.552058975076,-453.7152400637442,36542.13219357273,39447.72833737974,2905.596143807008,0.0493784565276853,-0.006534358707733708,-0.05591281523541901
2090.0,2.5,3.6046144591229456,0.4263888888888891,13871.963887065538,13417.96108057173,-454.00280649380875,36579.946844464605,39510.91228863063,2930.965444166024,0.04939636846969379,-0.006537849979517063,-0.05593421844921085
2100.0,2.5,3.603529348909457,0.4250000000000002,13832.62905540322,13378.389188815981,-454.2398665872388,36617.939212657984,39573.52205907784,2955.5828464198567,0.0494145191659434,-0.006541342565157972,-0.055955861731101376
2110.0,2.5,3.6024562467863603,0.4236111111111113,13793.266789706171,13338.833829041945,-454.4329606642259,36656.116320279696,39635.59168651343,2979.4753662337316,0.04943291028460541,-0.006544837629806272,-0.05597774791441169
2120.0,2.5,3.6013942282713973,0.42222222222222244,13753.882072828641,13299.291985469434,-454.59008735920725,36694.48414035587,39697.154878032125,3002.670737676257,0.04945154378789212,-0.006548336392850453,-0.055999880180742576
2130.0,2.5,3.600342373285401,0.4208333333333335,13714.48164100337,13259.759753187329,-454.721887816042,36733.04749682481,39758.24625418261,3025.198757357801,0.04947042215292461,-0.00655184019805087,-0.05602226235097548
2140.0,2.5,3.5992999840169864,0.4194444444444446,13675.065186345379,13220.237160446146,-454.82802589923267,36771.81154084316,39818.88802028727,3047.0764794441056,0.04948954605192066,-0.006555349740471476,-0.056044895792392135
2150.0,2.5,3.59826627370802,0.41805555555555574,13635.637155516242,13180.72154531329,-454.91561020295194,36810.77982818213,39879.108666526714,3068.3288383445833,0.04950891749599527,-0.00655886613057916,-0.056067783626574434
2160.0,2.5,3.597240498274303,0.41666666666666685,13596.20169252815,13141.210409379128,-454.9912831490219,36849.955184330385,39938.93493815554,3088.9797538251514,0.049528538494846376,-0.006562390435061188,-0.056090928929907566
2170.0,2.5,3.596222096985493,0.41527777777777797,13556.757448402108,13101.704539142544,-455.05290925956433,36889.34076963938,39998.38308987833,3109.04232023895,0.04954840947217945,-0.006565923150018744,-0.05611433262219819
2180.0,2.5,3.595210421835435,0.4138888888888891,13517.307314215544,13062.202183945501,-455.10513027004345,36928.93820409648,40057.47534479508,3128.5371406986014,0.049568532145313746,-0.006569465164485938,-0.05613799730979968
2190.0,2.5,3.5942048982414345,0.4125000000000002,13477.85250747349,13022.702606684772,-455.1499007887178,36968.748801034,40116.23000209256,3147.4812010585592,0.04958890776387838,-0.006573017175038223,-0.0561619249389166
2200.0,2.5,3.5932049994470128,0.4111111111111113,13438.393185072864,12983.205718870968,-455.1874662018963,37008.7736823403,40174.66294680887,3165.8892644685693,0.04960953726932034,-0.006576579767986142,-0.05618611703730648
2210.0,2.5,3.592210213381089,0.40972222222222243,13398.93002195677,12943.711138142453,-455.21888381431745,37049.01314386511,40232.78958474313,3183.7764408780204,0.04963042177557285,-0.006580153532525735,-0.05621057530809859
2220.0,2.5,3.5912200539782133,0.40833333333333355,13359.463381528152,12904.21866710878,-455.24471441937203,37089.46713388471,40290.62413026366,3201.1569963789516,0.04965156232089969,-0.0065837390150919614,-0.05623530133599165
2230.0,2.5,3.590234041128483,0.40694444444444466,13319.993918977018,12864.727882168057,-455.26603680896005,37130.13518040548,40348.18080733914,3218.0456269336573,0.04967296008620705,-0.006587336791624826,-0.05626029687783188
2240.0,2.5,3.5892517240411053,0.4055555555555558,13280.521967207655,12825.238620009644,-455.28334719801023,37171.01643199862,40405.47234542841,3234.455913429789,0.04969461613426329,-0.006590947372374875,-0.056285563506638166
2250.0,2.5,3.588272675447239,0.40416666666666684,13241.04763598699,12785.75081135137,-455.2968246356195,37212.10962941841,40462.51028064974,3250.400651231328,0.049716531494178824,-0.006594571217256853,-0.056311102711435676
2260.0,2.5,3.587296494561002,0.40277777777777796,13201.570710399319,12746.26455880577,-455.30615159354966,37253.41313325578,40519.3047261054,3265.891592849621,0.049738707114486955,-0.0065982087180083415,-0.056336915832495296
2270.0,2.5,3.5863227551960484,0.4013888888888891,13162.092020041619,12706.779374799802,-455.3126452418164,37294.925114966594,40575.867673514644,3280.9425585480494,0.04976114429317238,-0.006601860408537771,-0.056363004701710157
2280.0,2.5,3.585351042696462,0.4000000000000002,13122.612429781952,12667.294735971844,-455.3176938101078,37336.643458379185,40632.21059994985,3295.5671415706674,0.04978384437692169,-0.006605526813400545,-0.05638937119032224
2290.0,2.5,3.5843809387093897,0.3986111111111113,13083.133227946648,12627.80986408461,-455.3233638620386,37378.5658313071,40688.34542055704,3309.7795892499344,0.04980680889076407,-0.0066092085092293714,-0.05641601739999344
2300.0,2.5,3.5834121824920055,0.3972222222222225,13043.651547941978,12588.32648082967,-455.3250671123078,37420.689466036754,40744.27410870507,3323.584642668313,0.04983003791695363,-0.006612905437105273,-0.0564429433540589
2310.0,2.5,3.5824443931289762,0.39583333333333354,13004.168169752922,12548.844114956388,-455.32405479653426,37463.01161694633,40800.00647757996,3336.994860633633,0.04985353281929193,-0.006616618066117214,-0.056470150885409146
2320.0,2.5,3.5814771687743314,0.3944444444444447,12964.684710402133,12509.36179295235,-455.32291744978284,37505.52943774189,40855.55382404251,3350.024386300618,0.04987729529398977,-0.00662034698523275,-0.05649764227922252
2330.0,2.5,3.5805101321650508,0.39305555555555577,12925.202314856808,12469.87882706134,-455.3234877954674,37548.23994076235,40910.92598566823,3362.6860449058804,0.04990132690477336,-0.006624092707333427,-0.05652541961210679
2340.0,2.5,3.5795429168763233,0.39166666666666694,12885.722021628937,12430.394594474958,-455.32742715397944,37591.140024251705,40966.1322023433,3374.9921780915975,0.04992562921021392,-0.006627855724462206,-0.05655348493467613
2350.0,2.5,3.578575376954389,0.390277777777778,12846.23881962163,12390.912097950317,-455.32672167131386,37634.22590938177,41021.16757501896,3386.9416656371905,0.04995020153362814,-0.006631635572815736,-0.05658183710644388
2360.0,2.5,3.5776070805150297,0.3888888888888892,12806.755923715162,12351.429414149456,-455.32650956570615,37677.49458726584,41076.0457087234,3398.55112145756,0.04997504624891672,-0.006635433063465997,-0.05661047931238272
2370.0,2.5,3.5766377003849494,0.38750000000000023,12767.273732717926,12311.946308811432,-455.327423906494,37720.942749088324,41130.77352426535,3409.830775177026,0.050000164719376385,-0.006639248567759767,-0.05663941328713615
2380.0,2.5,3.575666909833755,0.3861111111111113,12727.792752499945,12272.462485914442,-455.3302665855026,37764.56710454535,41185.35796963,3420.790865084651,0.050025558371728195,-0.00664308247318062,-0.056668640844908816
2390.0,2.5,3.5746943900033,0.38472222222222247,12688.313373746596,12232.977717523081,-455.3356562235149,37808.36436634637,41239.80553150385,3431.4411651574774,0.05005122861367031,-0.0066469351487899965,-0.056698163762460306
2400.0,2.5,3.5737203378382034,0.38333333333333364,12648.833659951586,12193.493143430655,-455.3405165209315,37852.36958446687,41294.08667884694,3441.717094380074,0.0500771759731309,-0.006650804400259918,-0.056727980373390816
2410.0,2.5,3.5727437404049933,0.38194444444444475,12609.353506479925,12154.008830980212,-455.34467549971305,37896.514588826874,41348.257280875856,3451.7426920489816,0.05010340167960211,-0.006654694125841877,-0.056758095805443984
2420.0,2.5,3.571764494916759,0.3805555555555559,12569.872929668409,12114.524771487022,-455.3481581813867,37940.811912301695,41402.30884391083,3461.4969316091374,0.05012990702962225,-0.006658603668586533,-0.05678851069820878
2430.0,2.5,3.5707823754901495,0.379166666666667,12530.391990520815,12075.0409291911,-455.35106132971487,37985.26363568627,41456.24157811191,3470.9779424256412,0.050156693356281604,-0.006662532990159866,-0.05681922634644147
2440.0,2.5,3.5697970988941727,0.3777777777777781,12490.910774737498,12035.557253176845,-455.35352156065346,38029.86727497363,41510.05980123683,3480.1925262631994,0.050183762022185344,-0.006666482355203715,-0.05685024437738906
2450.0,2.5,3.568808422667567,0.3763888888888892,12451.429276719498,11996.073746596143,-455.3555301233555,38074.62076319489,41563.76497446113,3489.1442112662407,0.050211114372014976,-0.006670451825623863,-0.05688156619763884
2460.0,2.5,3.567815832577742,0.37500000000000033,12411.947728263509,11956.590270808136,-455.35745745537315,38119.50586134382,41617.378076852954,3497.872215509131,0.05023875186860741,-0.006674442924619481,-0.056913194793226894
2470.0,2.5,3.5668193143292997,0.37361111111111145,12372.465966219277,11917.106923395273,-455.35904282400406,38164.53540695626,41670.88434228212,3506.348935325863,0.05026667582960531,-0.006678454530626784,-0.0569451303602321
2480.0,2.5,3.565818647312229,0.37222222222222257,12332.98399058681,11877.623704357557,-455.3602862292537,38209.70940003225,41724.28377074875,3514.574370716502,0.050294887658825393,-0.0066824866096698585,-0.05697737426849525
2490.0,2.5,3.56481361144616,0.3708333333333337,12293.501801366103,11838.140613694984,-455.3611876711184,38255.027840571725,41777.57636225274,3522.548521681012,0.050323388779232765,-0.006686539127865197,-0.05700992790709796
2500.0,2.5,3.563803749217348,0.3694444444444448,12254.019532026658,11798.657571336538,-455.3619606901193,38300.47387996289,41830.77934701215,3530.3054670492565,0.05035218069185426,-0.006690613375526254,-0.05704279406738051
2510.0,2.5,3.5627887227345796,0.3680555555555559,12214.537250306077,11759.174536645083,-455.3627136609939,38346.0389673038,41883.901469599245,3537.862502295444,0.05038126489050754,-0.006694710023512805,-0.05707597491402034
2520.0,2.5,3.561768495079966,0.36666666666666703,12175.054855655351,11719.691569941964,-455.3632857133871,38391.73579546587,41936.92974966033,3545.1939541944594,0.05041064281458892,-0.006698828068864277,-0.0571094708834532
2530.0,2.5,3.5607428508125154,0.36527777777777815,12135.572348074485,11680.208671227188,-455.36367684729703,38437.5643644491,41989.86418719542,3552.2998227463177,0.050440315967359255,-0.006702967499360787,-0.05714328346672004
2540.0,2.5,3.5597115759159497,0.36388888888888926,12096.089727563474,11640.725840500763,-455.363887062711,38483.524674253495,42042.70478220445,3559.1801079509532,0.05047028587242425,-0.006707128302978568,-0.05717741417540281
2550.0,2.5,3.5586740272078377,0.3625000000000004,12056.607150940486,11601.242983446524,-455.36416749396267,38529.582858281035,42095.48300506151,3565.9001467804774,0.05050055414664652,-0.0067113129717002425,-0.05721186711834676
2560.0,2.5,3.557630214133124,0.3611111111111115,12017.124538795051,11561.760147824822,-455.3643909702296,38575.75606609205,42148.182919619794,3572.4268535277442,0.0505311223200722,-0.006715520268984825,-0.057246642589057026
2570.0,2.5,3.5565799684408987,0.3597222222222226,11977.641876880763,11522.277342203952,-455.3645346768117,38622.04737435177,42200.801666902844,3578.7542925510716,0.050561991973208965,-0.006719749978563456,-0.05728174195177242
2580.0,2.5,3.555523085169852,0.3583333333333337,11938.159165197627,11482.79456658393,-455.3645986136962,38668.45678306018,42253.339246910684,3584.882463850503,0.05059316471448314,-0.006724002110391358,-0.0573171668248745
2590.0,2.5,3.5544592561818407,0.35694444444444484,11898.676425814741,11443.311807667813,-455.3646181469285,38714.975133745516,42305.80345533336,3590.82832158784,0.05062464218462531,-0.0067282773121598765,-0.05735291949678519
2600.0,2.5,3.5533880236666446,0.355555555555556,11859.193712791704,11403.829032883958,-455.3646799077469,38761.57999216922,42358.21338819199,3596.633396022764,0.050656426062297435,-0.006732577179470042,-0.057389003241767475
2610.0,2.5,3.5523094062089857,0.3541666666666671,11819.710981759845,11364.346268965102,-455.36471279474245,38808.28977092359,42410.55337269024,3602.263601766652,0.05068851800095444,-0.006736900469346582,-0.05742541847030102
2620.0,2.5,3.551223212880662,0.35277777777777825,11780.228232719162,11324.863515911227,-455.3647168079351,38855.10447000862,42462.82340882815,3607.718938819533,0.05072091969775582,-0.006741247212072735,-0.057462166909828555
2630.0,2.5,3.550129257073394,0.3513888888888893,11740.745465669657,11285.38077372236,-455.3646919472976,38902.02408942433,42515.023496605696,3612.9994071813635,0.050753632872646504,-0.006745617438384288,-0.05749925031103079
2640.0,2.5,3.5490271276743965,0.3500000000000005,11701.262704142839,11245.89802820477,-455.3646759380681,38949.027099404004,42567.17061878021,3618.143519376208,0.05078665928058159,-0.0067500126156446235,-0.057536671896226216
2650.0,2.5,3.547916655285262,0.34861111111111154,11661.77994747958,11206.415279756047,-455.36466772353197,38996.11410300765,42619.26429965582,3623.1501966481737,0.05082000068797245,-0.006754432763874091,-0.05757443345184654
2660.0,2.5,3.546797762227853,0.3472222222222227,11622.297186159756,11166.932534118521,-455.3646520412349,39043.29381051423,42671.29766853318,3628.0038580189503,0.05085365888033261,-0.006758877354620321,-0.05761253623495293
2670.0,2.5,3.545670284098622,0.34583333333333377,11582.81442018337,11127.449791292187,-455.3646288911823,39090.56622192375,42723.27072541227,3632.704503488523,0.05088763567195994,-0.006763346437166905,-0.05765098210912684
2680.0,2.5,3.544534050113472,0.34444444444444494,11543.331650084889,11087.967050954487,-455.364599130402,39137.930027663446,42775.18444040484,3637.254412741393,0.050921932901756076,-0.006767840145635032,-0.057689773047391105
2690.0,2.5,3.5433886206063243,0.343055555555556,11503.848887736725,11048.484305940092,-455.3645817966335,39185.356137606796,42827.060363037934,3641.704225431138,0.05095655243930814,-0.00677236041611405,-0.05772891285542219
2700.0,2.5,3.5422340453574996,0.3416666666666672,11464.366125258766,11009.001561004867,-455.3645642538995,39232.86385983686,42878.88419017477,3646.0203303379094,0.05099149616881717,-0.006776906080026421,-0.057768402248843595
2710.0,2.5,3.5410701900611645,0.34027777777777823,11424.883362651013,10969.518816148813,-455.3645465022,39280.45319435366,42930.65592181541,3650.2027274617503,0.05102676600391166,-0.006781477203499498,-0.05780824320741115
2720.0,2.5,3.5398969292135036,0.3388888888888894,11385.400599913462,10930.036071371931,-455.3645285415314,39328.12414115715,42982.375557959764,3654.2514168026173,0.05106236388387913,-0.006786073853375255,-0.057848437737254385
2730.0,2.5,3.538714044007786,0.33750000000000047,11345.917838136407,10890.553326015968,-455.36451212043903,39375.865793886194,43034.05078399882,3658.184990112626,0.05109829177461795,-0.006790696787013951,-0.0578889885616319
2740.0,2.5,3.537521330302402,0.33611111111111164,11306.435078364115,10851.070579450441,-455.36449891367374,39423.66770642074,43085.68896100515,3662.0212545844115,0.05113455166838892,-0.006795346751300772,-0.05792989841968969
2750.0,2.5,3.53631880015086,0.3347222222222227,11266.952319456634,10811.587832363606,-455.3644870930275,39471.54128200024,43137.28205345232,3665.7407714520814,0.051171145582976106,-0.006800023111291181,-0.057971168694267286
2760.0,2.5,3.5351063692572398,0.33333333333333387,11227.469561413964,10772.105084755452,-455.3644766585112,39519.486520624705,43188.830061340355,3669.3435407156503,0.05120807556388728,-0.006804725949396661,-0.058012801513283946
2770.0,2.5,3.5338839650216434,0.33194444444444493,11187.986804236101,10732.622336625986,-455.36446761011575,39567.50342229412,43240.33298466928,3672.829562375162,0.051245343684108345,-0.006809455348875592,-0.05805479903298394
2780.0,2.5,3.5326513498056693,0.3305555555555561,11148.504047668683,10693.139588128379,-455.36445954030387,39615.572318320555,43291.80415567056,3676.231837350002,0.05128295204434181,-0.006814212630086295,-0.0580971646744281
2790.0,2.5,3.531408541736584,0.32916666666666716,11109.021291805253,10653.656839206315,-455.36445259893844,39663.70044224236,43343.23867115957,3679.538228917205,0.05132090277374289,-0.006818997444486949,-0.05813990021822984
2800.0,2.5,3.530155539264486,0.32777777777777833,11069.538536692127,10614.174089831886,-455.3644468602415,39711.891375013074,43394.63410382134,3682.742728808269,0.05135919803009701,-0.006823809665320026,-0.05818300769541704
2810.0,2.5,3.528892322505363,0.3263888888888894,11030.055782329302,10574.691340005103,-455.36444232419854,39760.14511663266,43445.99045365587,3685.845337023209,0.051397840000227124,-0.006828649390420918,-0.05822648939064804
2820.0,2.5,3.527618852979489,0.32500000000000057,10990.573028569695,10535.208589814658,-455.36443875503755,39808.45787168767,43497.310218148945,3688.8523464612736,0.051436830900348084,-0.006833516956250322,-0.0582703478565984
2830.0,2.5,3.526335001012287,0.32361111111111174,10951.090274793587,10495.725839634244,-455.364435159343,39856.8136489485,43548.60391996648,3691.790271017984,0.051476172976290445,-0.006838413474944712,-0.058314586451235155
2840.0,2.5,3.5250408962924,0.3222222222222228,10911.607521464097,10456.2430891846,-455.3644322794971,39905.22439872926,43599.86369547532,3694.639296746056,0.05151586850486724,-0.006843338313493656,-0.0583592068183609
2850.0,2.5,3.523736580174497,0.32083333333333397,10872.124768581223,10416.760338465721,-455.3644301155018,39953.69012102998,43651.0895446755,3697.3994236455255,0.051555919793394474,-0.0068482915834310485,-0.05840421137682552
2860.0,2.5,3.522422110461923,0.31944444444444503,10832.642016144962,10377.277587477618,-455.3644286673443,40002.21081585061,43702.28146756695,3700.0706517163417,0.051596329180415304,-0.006853273397397379,-0.05844960257781268
2870.0,2.5,3.5210974725229813,0.3180555555555562,10793.159263805655,10337.794836431101,-455.364427374554,40050.77598191807,43753.4462210368,3702.670239118728,0.05163709903594013,-0.006858284533044492,-0.05849538356898462
2880.0,2.5,3.519762737715284,0.31666666666666726,10753.676511482223,10298.312085375048,-455.36442610717495,40099.38318438474,43804.58537175131,3705.2021873665726,0.051678231762294614,-0.006863325272932397,-0.05854155703522701
2890.0,2.5,3.5184180668627616,0.31527777777777843,10714.193759375394,10258.82933418845,-455.3644251869446,40148.03845142374,43855.69504097265,3707.656589548911,0.051719729794612514,-0.006868395362940558,-0.05858812515755307
2900.0,2.5,3.517063587327597,0.3138888888888895,10674.71100748516,10219.3465828713,-455.36442461386105,40196.741783035104,43906.77522870081,3710.0334456657074,0.051761595601020435,-0.0068734949288546485,-0.05863509052987508
2910.0,2.5,3.5156994445303695,0.31250000000000067,10635.228255811526,10179.863831423592,-455.36442438793347,40245.49317921882,43957.82593493582,3712.332755716998,0.05180383168325865,-0.006878624097703568,-0.05868245578096222
2920.0,2.5,3.5143256652873722,0.31111111111111184,10595.745504006194,10140.38108005529,-455.3644239509049,40294.27622732929,44008.85754392967,3714.581316600379,0.05184644057695983,-0.006883784051091395,-0.05873022462805122
2930.0,2.5,3.5129425142880413,0.3097222222222229,10556.262752279172,10100.898328639796,-455.3644236393757,40343.10082351797,44059.86379440474,3716.762970886768,0.05188942485275322,-0.0068889742995345195,-0.05877839915228774
2940.0,2.5,3.5115501957369997,0.30833333333333396,10516.780000639897,10061.415577171423,-455.36442346847434,40391.967412437196,44110.84440503025,3718.8769925930537,0.051932787116303114,-0.006894194953094713,-0.05882698206939783
2950.0,2.5,3.510148928536214,0.30694444444444513,10477.297249088368,10021.932825650167,-455.3644234382009,40440.87599408697,44161.79937580625,3720.92338171928,0.05197653000896904,-0.0068994461515596425,-0.058875976160528684
2960.0,2.5,3.5087389316707216,0.3055555555555562,10437.814497594562,9982.45007409412,-455.36442350044126,40489.82435405046,44212.730094652245,3722.905740601782,0.05202065620834035,-0.006904728180497525,-0.058925384388837876
2970.0,2.5,3.507320419242089,0.30416666666666736,10398.331746090418,9942.967322544317,-455.36442354610153,40538.807472490495,44263.63970782772,3724.8322353372278,0.052065168428789686,-0.006910041514630824,-0.05897520994342051
2980.0,2.5,3.5058936859505296,0.3027777777777784,10358.84899461083,9903.48457097972,-455.3644236311102,40587.82792298186,44314.52660230549,3726.6986793236283,0.052110069422140345,-0.006915386137024068,-0.059025455559164414
2990.0,2.5,3.50445909555642,0.3013888888888896,10319.366243134516,9864.00181941315,-455.3644237213666,40636.89487305515,44365.385252473956,3728.4903794188067,0.05215536197814204,-0.0069207616131179124,-0.05907612359125995
3000.0,2.5,3.5030167960322576,0.30000000000000066,10279.883491650235,9824.519067851372,-455.36442379886284,40685.98823861398,44416.22788051922,3730.2396419052384,0.05220104892511078,-0.006926169388703258,-0.05912721831381404
3000.0000000000005,0.0,3.5621440143460714,0.30000000000000066,10279.883491650235,9824.519067851372,-455.36442379886284,40685.98823861398,44416.22788051922,3730.2396419052384,0.0,0.0,0.0
3010.0,0.0,3.568756201607822,0.30000000000000066,10255.925620412276,9944.708559620625,-311.2170607916505,40717.0439865119,44077.539716580985,3360.4957300690876,0.0,0.0,0.0
3020.0,0.0,3.5720683403466227,0.30000000000000066,10234.24131108244,9985.373041759309,-248.86826932313124,40747.374017758,43879.77558079003,3132.4015630320355,0.0,0.0,0.0
3030.0,0.0,3.5743568898616966,0.30000000000000066,10214.498367188735,10010.76217869284,-203.73618849589548,40777.12939093283,43739.36492402877,2962.23553309594,0.0,0.0,0.0
3040.0,0.0,3.5761218059858946,0.30000000000000066,10196.732614118697,10028.817768725983,-167.9148453927137,40806.38645067758,43629.03888085019,2822.6524301726095,0.0,0.0,0.0
3050.0,0.0,3.5775645277534336,0.30000000000000066,10181.036980200422,10042.389598870885,-138.6473813295379,40835.19103814233,43537.30282074914,2702.1117826068075,0.0,0.0,0.0
3060.0,0.0,3.5787844923851844,0.30000000000000066,10167.421358705817,10052.901584612413,-114.51977409340361,40863.57327600202,43458.49459301445,2594.921317012435,0.0,0.0,0.0
3070.0,0.0,3.5798425271513836,0.30000000000000066,10155.783305031375,10061.233089012936,-94.55021601843873,40891.5546711698,43389.15491925376,2497.6002480839597,0.0,0.0,0.0
3080.0,0.0,3.580775504546457,0.30000000000000066,10145.943420720589,10067.912271529902,-78.03114919068685,40919.15068826436,43327.17675846537,2408.0260702010128,0.0,0.0,0.0
3090.0,0.0,3.5816082459958185,0.30000000000000066,10137.68671305732,10073.306888246672,-64.37982481064682,40946.37270059386,43271.15530754636,2324.7826069524963,0.0,0.0,0.0
3100.0,0.0,3.582359467774241,0.30000000000000066,10130.796539996894,10077.693791312175,-53.1027486847197,40973.229272086595,43220.02923980087,2246.7999677142725,0.0,0.0,0.0
3110.0,0.0,3.583043091601124,0.30000000000000066,10125.069402655507,10081.278924822833,-43.79047783267379,40999.72663564577,43173.00805851011,2173.28142286434,0.0,0.0,0.0
3120.0,0.0,3.583669573790619,0.30000000000000066,10120.322043353912,10084.218074974176,-36.103968379735306,41025.869086870145,43129.4986640094,2103.6295771392543,0.0,0.0,0.0
3130.0,0.0,3.58424694939711,0.30000000000000066,10116.393250603087,10086.631083589804,-29.762167013283033,41051.65926824587,43089.04485764413,2037.3855893982545,0.0,0.0,0.0
3140.0,0.0,3.5847816698258286,0.30000000000000066,10113.145149541018,10088.613500055597,-24.53164948542144,41077.09844877182,43051.27912462443,1974.1806758526072,0.0,0.0,0.0
3150.0,0.0,3.58527919294255,0.30000000000000066,10110.460980894477,10090.245120459935,-20.215860434542265,41102.18678673793,43015.88909988458,1913.7023131466485,0.0,0.0,0.0
3160.0,0.0,3.585743785250921,0.30000000000000066,10108.245223570066,10091.587164904782,-16.658058665283534,41126.92325673545,42982.62877120262,1855.7055144671685,0.0,0.0,0.0
3170.0,0.0,3.5861794667395896,0.30000000000000066,10106.415639796947,10092.696195614433,-13.719444182514053,41151.306194925084,42951.265171600535,1799.9589766754507,0.0,0.0,0.0
3180.0,0.0,3.5865887886432866,0.30000000000000066,10104.907817343937,10093.606406014273,-11.301411329664916,41175.33275609274,42921.64751936773,1746.3147632749897,0.0,0.0,0.0
3190.0,0.0,3.5869746648083893,0.30000000000000066,10103.664921006344,10094.356572408587,-9.308348597756776,41198.99992883626,42893.60400115427,1694.6040723180122,0.0,0.0,0.0
3200.0,0.0,3.587339054952291,0.30000000000000066,10102.641893039825,10094.970844069398,-7.671048970427364,41222.30394549188,42867.01608204991,1644.7121365580242,0.0,0.0,0.0
3210.0,0.0,3.587684100838221,0.30000000000000066,10101.79989540066,10095.475558802102,-6.324336598558148,41245.24104796019,42841.75464199261,1596.513594032418,0.0,0.0,0.0
3220.0,0.0,3.588011523522628,0.30000000000000066,10101.106829163798,10095.89052556863,-5.216303595168938,41267.80723931438,42817.71405334481,1549.9068140304298,0.0,0.0,0.0
3230.0,0.0,3.588322880495131,0.30000000000000066,10100.535991758556,10096.232941326449,-4.303050432106829,41289.99862494164,42794.79785120675,1504.7992262651096,0.0,0.0,0.0
3240.0,0.0,3.5886194734547368,0.30000000000000066,10100.065594288844,10096.51612289309,-3.5494713957541535,41311.81140259399,42772.92399570775,1461.112593113765,0.0,0.0,0.0
3250.0,0.0,3.5889024093809976,0.30000000000000066,10099.677354721953,10096.750546662395,-2.9268080595575157,41333.2420640636,42752.02158704263,1418.7795229790354,0.0,0.0,0.0
3260.0,0.0,3.5891726600051275,0.30000000000000066,10099.357018141547,10096.944623412188,-2.412394729359221,41354.287375792424,42732.02737156143,1377.7399957690068,0.0,0.0,0.0
3270.0,0.0,3.5894310346065343,0.30000000000000066,10099.092594644762,10097.1045282177,-1.988066427062222,41374.94456303193,42712.88753868374,1337.9429756518075,0.0,0.0,0.0
3280.0,0.0,3.589678383154914,0.30000000000000066,10098.874748309674,10097.236905027105,-1.63784328256952,41395.21119752538,42694.54595035002,1299.3347528246377,0.0,0.0,0.0
3290.0,0.0,3.5899153417285503,0.30000000000000066,10098.69520681945,10097.345668112335,-1.349538707114334,41415.085576732316,42676.959098664825,1261.87352193251,0.0,0.0,0.0
3300.0,0.0,3.590142539657965,0.30000000000000066,10098.547538585084,10097.434645002819,-1.1128935822653148,41434.566421524716,42660.083962071454,1225.517540546738,0.0,0.0,0.0
3310.0,0.0,3.590360612409008,0.30000000000000066,10098.427012659533,10097.507750507048,-0.9192621524853166,41453.65285209646,42643.87725986356,1190.2244077671057,0.0,0.0,0.0
3320.0,0.0,3.5905700609006637,0.30000000000000066,10098.327319494332,10097.567634738594,-0.7596847557379078,41472.345141705104,42628.304234891555,1155.9590931864514,0.0,0.0,0.0
3330.0,0.0,3.5907713738585536,0.30000000000000066,10098.24567353412,10097.61649487616,-0.6291786579604377,41490.64355277344,42613.3305320545,1122.686979281054,0.0,0.0,0.0
3340.0,0.0,3.590965009995189,0.30000000000000066,10098.17921330149,10097.656389999735,-0.5228233017551247,41508.549050097856,42598.92392607687,1090.3748759790178,0.0,0.0,0.0
3350.0,0.0,3.591151408337968,0.30000000000000066,10098.123090609643,10097.689664621903,-0.4334259877396107,41526.06364891961,42585.05408367491,1058.990434755302,0.0,0.0,0.0
3360.0,0.0,3.591330910503981,0.30000000000000066,10098.077311458477,10097.716845540283,-0.3604659181946772,41543.189017934244,42571.69567894608,1028.5066610118374,0.0,0.0,0.0
3370.0,0.0,3.5915038831346093,0.30000000000000066,10098.039256899898,10097.739418333838,-0.29983856605940673,41559.927926960096,42558.82278556334,998.894858603242,0.0,0.0,0.0
3380.0,0.0,3.591670662516522,0.30000000000000066,10098.00686345102,10097.758585614994,-0.24827783602631825,41576.28357472988,42546.411424784914,970.1278500550325,0.0,0.0,0.0
3390.0,0.0,3.591831515314601,0.30000000000000066,10097.980064353833,10097.774484475001,-0.20557987883148598,41592.259180371235,42534.44149200491,942.1823116336745,0.0,0.0,0.0
3400.0,0.0,3.5919867233778646,0.30000000000000066,10097.957632046942,10097.787837345826,-0.16979470111618866,41607.858718312455,42522.892529466866,915.0338111544115,0.0,0.0,0.0
3410.0,0.0,3.5921365370167315,0.30000000000000066,10097.938948663552,10097.799013646156,-0.13993501739605563,41623.086412692865,42511.74601299323,888.6596003003651,0.0,0.0,0.0
3420.0,0.0,3.5922811917122544,0.30000000000000066,10097.92346053062,10097.808327947607,-0.11513258301238238,41637.94678253687,42500.98448252348,863.037699986613,0.0,0.0,0.0
3430.0,0.0,3.5924209055733685,0.30000000000000066,10097.910740823023,10097.815991653659,-0.09474916936414957,41652.444687110015,42490.591667398825,838.1469802888096,0.0,0.0,0.0
3440.0,0.0,3.592555880466904,0.30000000000000066,10097.900620345914,10097.822144278296,-0.07847606761788484,41666.585279921084,42480.55243932343,813.9671594023457,0.0,0.0,0.0
3450.0,0.0,3.5926863065989267,0.30000000000000066,10097.89300959914,10097.826905845226,-0.06610375391392154,41680.37397439978,42470.852535555605,790.4785611558254,0.0,0.0,0.0
3460.0,0.0,3.5928123745459204,0.30000000000000066,10097.887364530838,10097.830519420162,-0.05684511067556741,41693.81635376889,42461.477842856235,767.6614890873461,0.0,0.0,0.0
3470.0,0.0,3.5929342695075124,0.30000000000000066,10097.883065026628,10097.83328697031,-0.049778056318245945,41706.918198357096,42452.41474252031,745.4965441632157,0.0,0.0,0.0
3480.0,0.0,3.5930521769292483,0.30000000000000066,10097.879209961773,10097.835637332846,-0.043572628926995094,41719.68543784159,42443.649777144754,723.9643393031656,0.0,0.0,0.0
3490.0,0.0,3.5931662391046384,0.30000000000000066,10097.876072530835,10097.837467213485,-0.03860531734972028,41732.12417554136,42435.17203989974,703.0478643583847,0.0,0.0,0.0
3500.0,0.0,3.593276518825663,0.30000000000000066,10097.876321997339,10097.837588501503,-0.038733495835913345,41744.24070420359,42426.975171656464,682.7344674528722,0.0,0.0,0.0
3510.0,0.0,3.5933832318421084,0.30000000000000066,10097.877390399575,10097.83720605117,-0.04018434840509144,41756.04119929507,42419.04449191761,663.0032926225394,0.0,0.0,0.0
3520.0,0.0,3.593486537137605,0.30000000000000066,10097.878408915854,10097.836763929305,-0.04164498654972704,41767.53194291123,42411.36858986758,643.8366469563553,0.0,0.0,0.0
3530.0,0.0,3.5935866003739085,0.30000000000000066,10097.878142820067,10097.83688874919,-0.04125407087667554,41778.719219859646,42403.935803500455,625.2165836408094,0.0,0.0,0.0
3540.0,0.0,3.593683571828412,0.30000000000000066,10097.875658679486,10097.838059628819,-0.037599050667267875,41789.60934866911,42396.73543947529,607.1260908061813,0.0,0.0,0.0
3550.0,0.0,3.59377735184901,0.30000000000000066,10097.87725957129,10097.837170598159,-0.0400889731317875,41800.20924381479,42389.770830828675,589.5615870138863,0.0,0.0,0.0
3560.0,0.0,3.593868194043836,0.30000000000000066,10097.87870350036,10097.836347071727,-0.04235642863386602,41810.524883188584,42383.02571423667,572.5008310480844,0.0,0.0,0.0
3570.0,0.0,3.5939562226980026,0.30000000000000066,10097.879459922799,10097.83587850694,-0.04358141585908015,41820.562490806886,42376.49111483807,555.9286240311849,0.0,0.0,0.0
3580.0,0.0,3.594041564663122,0.30000000000000066,10097.878833889245,10097.836140712521,-0.042693176723332726,41830.32818279467,42370.1579860209,539.8298032262319,0.0,0.0,0.0
3590.0,0.0,3.594124350762338,0.30000000000000066,10097.875940842656,10097.837609083974,-0.03833175868203398,41839.82793971343,42364.017121602345,524.1891818889126,0.0,0.0,0.0
3600.0,0.0,3.5942046552435447,0.30000000000000066,10097.871408372603,10097.83999888736,-0.03140948524196574,41849.06784079744,42358.06255884224,508.9947180447998,0.0,0.0,0.0
3600.0000000000005,-2.5,3.6528299901566244,0.30000000000000066,10097.871408372603,10097.83999888736,-0.03140948524196574,41849.06784079744,42358.06255884224,508.9947180447998,-0.05189277014995359,0.006732564763126067,0.058625334913079655
3610.0,-2.5,3.6606317107371,0.3013888888888895,10113.392733981014,10257.514151765969,144.12141778495425,41839.99009397496,41962.778366569444,122.78827259448735,-0.05172111842224725,0.006700845822285726,0.05842196424453297
3620.0,-2.5,3.6652777847514444,0.30277777777777837,10131.18827678511,10337.662296694592,206.4740199094831,41829.90850880454,41708.6159395871,-121.29256921743945,-0.05163723650611292,0.006681300606858214,0.058318537112971136
3630.0,-2.5,3.6689077803581744,0.30416666666666725,10150.925701943193,10402.536640523907,251.610938580714,41818.981041626175,41511.99573655915,-306.9853050670281,-0.05157043592418926,0.0066666249508099355,0.05823706087499919
3640.0,-2.5,3.6720116996356946,0.3055555555555562,10172.640761228124,10460.075572121983,287.4348108938593,41807.290876928724,41345.64638763694,-461.64448929178616,-0.0515119998150323,0.00665450599869899,0.05816650581373129
3650.0,-2.5,3.6747889537166842,0.306944444444445,10196.426268631365,10513.131508619404,316.70523998803947,41794.8905875825,41198.06351137742,-596.8270762050815,-0.05145878589486304,0.006643978968729084,0.05810276486359212
3660.0,-2.5,3.677338090175606,0.30833333333333396,10222.29207729903,10563.126928442298,340.8348511432687,41781.816901346014,41063.58121383631,-718.235687509703,-0.05140922411712509,0.006634568038132849,0.05804379215525794
3670.0,-2.5,3.6797195485214984,0.3097222222222228,10250.135688326382,10610.941702429167,360.8060141027854,41768.097810420055,40938.734600936215,-829.3632094838395,-0.05136234852389834,0.006625984656112377,0.05798833318001071
3680.0,-2.5,3.681970132770007,0.3111111111111117,10279.777687705619,10657.104270834223,377.3265831286044,41753.75514484275,40821.409754660526,-932.3453901822213,-0.05131757541375162,0.006618051487765953,0.05793562690151757
3690.0,-2.5,3.6841145904836052,0.31250000000000067,10311.003002964117,10701.982119738252,390.97911677413504,41738.80651204665,40710.1975323405,-1028.6089797061504,-0.051274499623372494,0.006610649526900427,0.05788514915027292
3700.0,-2.5,3.686171639242831,0.3138888888888896,10343.594979075688,10745.852133728971,402.2571546532836,41723.266586214864,40604.031744211345,-1119.2348420035196,-0.05123281816182947,0.006603689513931225,0.0578365076757607
3710.0,-2.5,3.688155244545884,0.31527777777777855,10377.350073951926,10788.92025524304,411.57018129111384,41707.147582876,40502.11711762277,-1205.0304652532286,-0.05119230636475724,0.006597104832542616,0.057789411197299856
3720.0,-2.5,3.6900759307703868,0.3166666666666674,10412.085037058318,10831.34235482777,419.25731776945213,41690.45965514962,40403.85557485579,-1286.6040802938296,-0.05115279455912895,0.006590845078494481,0.05774363963762343
3730.0,-2.5,3.6919418147680627,0.3180555555555562,10447.638662843932,10873.238344133037,425.5996812891044,41673.211175969904,40308.78618236936,-1364.4249936005435,-0.0511141523969773,0.006584871109660556,0.05769902350663786
3740.0,-2.5,3.6937594418771846,0.31944444444444514,10483.873045129596,10914.703808864055,430.83076373445874,41655.409017872196,40216.53698650367,-1438.8720313685262,-0.051076276393729476,0.006579151278203863,0.05765542767193334
3750.0,-2.5,3.695534352414123,0.32083333333333397,10520.67141020593,10955.818211295747,435.146801089817,41637.058806838795,40126.79282339449,-1510.2659834443039,-0.05103908128602502,0.006573658957245743,0.05761274024327077
3760.0,-2.5,3.6972709566998176,0.3222222222222228,10557.93821990217,10996.64309200175,438.7048720995808,41618.164875536764,40039.30241063327,-1578.8624649034973,-0.05100250080487091,0.0065683726306826635,0.057570873435553574
3770.0,-2.5,3.698973411704732,0.32361111111111174,10595.591192145912,11037.23500878966,441.6438166437474,41598.73078792009,39953.82895403168,-1644.9018338884125,-0.05096647538639806,0.006563272637043258,0.05752974802344132
3780.0,-2.5,3.7006444128977467,0.32500000000000057,10633.565961616796,11077.628077163212,444.06211554641595,41578.758796199785,39870.218241025126,-1708.540555174659,-0.05093096716801241,0.006558345040111312,0.05748931220812372
3790.0,-2.5,3.7022870462041637,0.3263888888888895,10671.805662379023,11117.861166251047,446.0555038720231,41558.25087509601,39788.29450098085,-1769.9563741151578,-0.05089593543268009,0.006553575256561001,0.05744951068924109
3800.0,-2.5,3.7039034391201535,0.32777777777777833,10710.265261003873,11157.95830207381,447.69304106993695,41537.20810925359,39707.93619391321,-1829.2719153403814,-0.05086135359292824,0.0065489524291931995,0.05741030602212144
3810.0,-2.5,3.7054959247024,0.32916666666666716,10748.905952197721,11197.945802511667,449.03985031394586,41515.63148435999,39629.01091803892,-1886.6205663210712,-0.050827193985149906,0.006544465531750907,0.05737165951690081
3820.0,-2.5,3.7070664351507774,0.33055555555555605,10787.695560624576,11237.843573852466,450.14801322789026,41493.52162563254,39551.40941552534,-1942.112210107196,-0.050793435272288044,0.00654010528085457,0.05733354055314262
3830.0,-2.5,3.708616732406231,0.33194444444444493,10826.607491792409,11277.668640705067,451.0611489126586,41470.87914371938,39475.03274205928,-1995.8464016600992,-0.05076005922333845,0.006535863330672321,0.05729592255401077
3840.0,-2.5,3.7101483627251994,0.3333333333333338,10865.619803280168,11317.43459073274,451.814787452573,41447.7046374636,39399.79477123641,-2047.9098662271863,-0.050727051043682976,0.006531732359683897,0.057258783403366875
3850.0,-2.5,3.7116626541026996,0.33472222222222264,10904.71431796225,11357.15173296046,452.4374149982086,41423.99887622192,39325.622302897464,-2098.376573324458,-0.05069439909863892,0.0065277060222489105,0.05722210512088783
3860.0,-2.5,3.7131608253142154,0.3361111111111116,10943.87673056484,11396.828566436907,452.951835872067,41399.76280104909,39252.44889603858,-2147.313905010509,-0.050662093586183066,0.006523778568271773,0.057185872154454837
3870.0,-2.5,3.714643926141675,0.3375000000000004,10983.09504151171,11436.471222880597,453.37618136888705,41374.99770591544,39180.21818392454,-2194.779521990902,-0.05063012690737552,0.006519944988317037,0.05715007189569256
3880.0,-2.5,3.716113065228602,0.33888888888888935,11022.359922092839,11476.086376032463,453.72645393962375,41349.70511719887,39108.87122701549,-2240.833890183385,-0.05059849125747884,0.006516200315737398,0.057114691573216234
3890.0,-2.5,3.717569132036422,0.34027777777777823,11061.663127100306,11515.677948657529,454.0148215572226,41323.88718179609,39038.361878533404,-2285.525303262686,-0.050567181234882005,0.0065125404204140706,0.057079721655296074
3900.0,-2.5,3.719013007784653,0.3416666666666671,11100.998130592521,11555.249695735165,454.2515651426438,41297.546398912236,38968.64502356997,-2328.9013753422696,-0.05053619171883598,0.0065089613655806115,0.057045153084416586
3910.0,-2.5,3.7204456019588092,0.343055555555556,11140.36034533587,11594.8055900457,454.44524470983015,41270.68550773182,38899.67458367899,-2371.0109240528254,-0.050505517563303626,0.006505459299155895,0.05701097686245952
3920.0,-2.5,3.7218676699008317,0.3444444444444449,11179.74349613809,11634.348236810383,454.6047406722937,41243.30833474154,38831.41362713619,-2411.8947076053446,-0.05047515481448227,0.006502030956760929,0.056977185771243194
3930.0,-2.5,3.723279966072252,0.34583333333333377,11219.14446904718,11673.879883970621,454.73541492344157,41215.418669554325,38763.82559871815,-2451.5930708361775,-0.050445099892821525,0.006498673199251273,0.0569437730920728
3940.0,-2.5,3.7246832150604026,0.34722222222222265,11258.560815472023,11713.402516377333,454.84170090531006,41187.02076164154,38696.876041231924,-2490.1447204096185,-0.05041534950762973,0.006495383092397704,0.05691073260002743
3950.0,-2.5,3.726078114054113,0.34861111111111154,11297.987627110617,11752.918464876804,454.9308377661873,41158.119916942705,38630.53260339909,-2527.5873135436123,-0.05038590019435907,0.006492157898519491,0.05687805809287856
3960.0,-2.5,3.7274652764364355,0.3500000000000005,11337.42446454923,11792.428435960517,455.00397141128633,41128.7210783619,38564.76750704172,-2563.953571320184,-0.05035674977277484,0.006488995186127287,0.05684574495890213
3970.0,-2.5,3.728845318875701,0.3513888888888893,11376.869225243054,11831.933713516479,455.064488273425,41098.83001344577,38499.55325246908,-2599.276760976689,-0.05032789568571147,0.006485892612385676,0.05681378829809715
3980.0,-2.5,3.730218838800222,0.35277777777777825,11416.319603498303,11871.43560733792,455.1160038396174,41068.4529884202,38434.86367463113,-2633.589313789067,-0.05029933541647193,0.006482847969680494,0.05678218338615242
3990.0,-2.5,3.73158635439204,0.3541666666666671,11455.775572476101,11910.934233118393,455.1586606422916,41037.596143859104,38370.676851697135,-2666.9192921619688,-0.050271067357691074,0.0064798593149422,0.056750926672633276
4000.0,-2.5,3.732948396441641,0.355555555555556,11495.235892391993,11950.43032464146,455.19443224946735,41006.26630829388,38306.97046695896,-2699.295841334919,-0.05024308949000714,0.006476924744789674,0.05672001423479681
4010.0,-2.5,3.7343054586232456,0.35694444444444484,11534.69995177488,11989.924250387654,455.22429861277305,40974.470482478675,38243.724234202164,-2730.7462482765113,-0.05021540009007257,0.006474042504907799,0.05668944259498036
4020.0,-2.5,3.7356580146239393,0.3583333333333338,11574.167192891753,12029.41632619424,455.24913330248637,40942.21588007783,38180.91898946722,-2761.2968906106034,-0.05018799750105957,0.0064712109429323076,0.056659208443991874
4030.0,-2.5,3.7370065147710014,0.3597222222222226,11613.637198721277,12068.906760133188,455.2695614119111,40909.5099814578,38118.536812612816,-2790.973168844983,-0.050160880168062555,0.006468428509858463,0.056629308677921014
4040.0,-2.5,3.7383513875758285,0.36111111111111155,11653.109747255206,12108.395703278318,455.2859560231118,40876.36048047828,38056.56090899672,-2819.7995714815625,-0.05013404659959734,0.006465693750719238,0.05659974035031658
4050.0,-2.5,3.739693040149764,0.3625000000000005,11692.58482257063,12147.883260186403,455.29843761577285,40842.7752765336,37994.975543485234,-2847.799733048363,-0.05010749535827252,0.006463005298011687,0.0565705006562842
4060.0,-2.5,3.74103187582052,0.3638888888888893,11732.061884854267,12187.36966364308,455.30777878881236,40808.76235693201,37933.7651193986,-2874.997237533411,-0.05008122494323518,0.0064603618287041465,0.05654158677193932
4070.0,-2.5,3.7423682850759628,0.36527777777777826,11771.54034466483,12226.85519772754,455.3148530627095,40774.32984167996,37872.914615705966,-2901.415225973993,-0.050055233844811246,0.00645776208161946,0.056512995926430706
4080.0,-2.5,3.7437026520950885,0.3666666666666671,11811.019341414058,12266.340266292846,455.320924878788,40739.4859344325,37812.40923945458,-2927.076694977921,-0.05002952050166415,0.006455204840678807,0.05648472534234296
4090.0,-2.5,3.7450353249595825,0.368055555555556,11850.498629631704,12305.825000384502,455.32637075279854,40704.23892926053,37752.23584254958,-2952.0030867109526,-0.050004083556221206,0.0064526889925297795,0.056456772548750984
4100.0,-2.5,3.746366512113935,0.36944444444444496,11889.981555497585,12345.307931406027,455.32637590844206,40668.597296532316,37692.387811858884,-2976.2094846734326,-0.04997892268580429,0.00645021372328179,0.05642913640908608
4110.0,-2.5,3.747696617873691,0.3708333333333338,11929.465364694352,12384.7903265999,455.32496190554775,40632.56928929965,37632.84890820713,-2999.7203810925203,-0.04995403582928654,0.006447777845740968,0.05640181367502751
4120.0,-2.5,3.749025967210967,0.37222222222222273,11968.949233966105,12424.272602849343,455.3233688832388,40596.16322050644,37573.60655624539,-3022.55666426105,-0.0499294215049365,0.006445380355182738,0.056374801860119235
4130.0,-2.5,3.750354885280738,0.37361111111111167,12008.431985393008,12463.755351830338,455.32336643732924,40559.38734969975,37514.64799044294,-3044.739359256804,-0.04990507815214383,0.006443020267201797,0.05634809841934563
4140.0,-2.5,3.7516837009045707,0.3750000000000005,12047.912021665576,12503.239372479136,455.32735081356077,40522.24985380306,37455.96009163822,-3066.2897621648444,-0.04988100411739302,0.006440696611148674,0.056321700728541695
4150.0,-2.5,3.7530124102204816,0.37638888888888944,12087.395614730369,12542.721609032724,455.32599430235496,40484.75952457058,37397.54498465841,-3087.2145399121728,-0.04985720009613586,0.006438409037820174,0.05629560913395604
4160.0,-2.5,3.754341403871408,0.37777777777777827,12126.878910763608,12582.203972080595,455.32506131698756,40446.92417955821,37339.38604413484,-3107.538135423376,-0.049833663773351015,0.006436156476965959,0.056269820250316974
4170.0,-2.5,3.7556709278197924,0.3791666666666672,12166.361345723066,12621.68676363857,455.32541791550466,40408.751805580396,37281.47316552456,-3127.2786400558325,-0.049810393844514037,0.006433938139733439,0.05624433198424748
4180.0,-2.5,3.75700121698101,0.38055555555555604,12205.842333552506,12661.170301176255,455.3279676237489,40370.25024701262,37223.796475118295,-3146.4537718943247,-0.04978738902012522,0.006431753267377067,0.056219142287502286
4190.0,-2.5,3.7583325004021066,0.381944444444445,12245.321157542337,12700.6549716089,455.3338140665619,40331.427172744545,37166.34608373536,-3165.0810890091816,-0.0497646479950621,0.006429601121227813,0.05619424911628991
4200.0,-2.5,3.7596642900549386,0.38333333333333386,12284.800554383466,12740.139698817857,455.3391444343906,40292.250995579234,37109.144762341944,-3183.1062332372894,-0.049742170317949926,0.006427482185996552,0.056169652503946475
4200.000000000001,0.0,3.703494637550992,0.38333333333333386,12284.800554383466,12740.139698817857,455.3391444343906,40292.250995579234,37109.144762341944,-3183.1062332372894,0.0,0.0,0.0
4210.0,0.0,3.696065065023244,0.38333333333333386,12308.755585528317,12619.954457004558,311.19887147624104,40270.872972223384,37441.64442986911,-2829.2285423542708,0.0,0.0,0.0
4220.0,0.0,3.692007379721237,0.38333333333333386,12330.437537076066,12579.30088674608,248.86334967001312,40249.95341791629,37633.40300174601,-2616.5504161702775,0.0,0.0,0.0
4230.0,0.0,3.6892291570438562,0.38333333333333386,12350.178713643149,12553.893820951727,203.7151073085788,40229.34781397175,37768.024648523904,-2461.323165447844,0.0,0.0,0.0
4240.0,0.0,3.6871083570383836,0.38333333333333386,12367.942907633285,12535.845971943458,167.90306431017234,40208.98641444117,37872.70616737656,-2336.280247064613,0.0,0.0,0.0
4250.0,0.0,3.685386669055522,0.38333333333333386,12383.637370786564,12522.27063258758,138.6332618010165,40188.82974462681,37958.99021145226,-2229.8395331745487,0.0,0.0,0.0
4260.0,0.0,3.68393898667246,0.38333333333333386,12397.251767755495,12511.762238437186,114.510470681691,40168.85403926969,38032.500220703994,-2136.3538185656944,0.0,0.0,0.0
4270.0,0.0,3.682689284256004,0.38333333333333386,12408.889240037099,12503.434522894415,94.54528285731612,40149.0440098815,38096.691700772964,-2052.352309108537,0.0,0.0,0.0
4280.0,0.0,3.681590949213602,0.38333333333333386,12418.727970234471,12496.75414988256,78.02617964808815,40129.39019834324,38153.69410562564,-1975.696092717597,0.0,0.0,0.0
4290.0,0.0,3.6806135781536375,0.38333333333333386,12426.983464396006,12491.358089548394,64.37462515238803,40109.887233822315,38204.896066208836,-1904.9911676134798,0.0,0.0,0.0
4300.0,0.0,3.6797346099871815,0.38333333333333386,12433.873376394493,12486.971900874105,53.098524479612024,40090.532454981614,38251.337352116614,-1839.195102865,0.0,0.0,0.0
4310.0,0.0,3.6789369939030143,0.38333333333333386,12439.600611507723,12483.388449392836,43.78783788511282,40071.32534539981,38293.81034370414,-1777.5150016956686,0.0,0.0,0.0
4320.0,0.0,3.6782079511036283,0.38333333333333386,12444.34800635335,12480.450177133735,36.10217078038477,40052.26719234035,38332.91078977198,-1719.3564025683663,0.0,0.0,0.0
4330.0,0.0,3.677537668858338,0.38333333333333386,12448.276378669916,12478.035615105651,29.759236435735147,40033.360807807694,38369.09760166169,-1664.2632061460026,0.0,0.0,0.0
4340.0,0.0,3.676918685377662,0.38333333333333386,12451.524341608176,12476.05290616623,24.528564558053404,40014.610369193746,38402.7195506475,-1611.8908185462496,0.0,0.0,0.0
4350.0,0.0,3.6763445517396756,0.38333333333333386,12454.20785807769,12474.422989316878,20.21513123918703,39996.021011286124,38434.08164915874,-1561.9393621273848,0.0,0.0,0.0
4360.0,0.0,3.6758097539003995,0.38333333333333386,12456.424382010713,12473.0792224098,16.654840399087334,39977.598715883236,38463.44726732024,-1514.151448562996,0.0,0.0,0.0
4370.0,0.0,3.6753101112614965,0.38333333333333386,12458.25342355148,12471.972828173013,13.719404621533613,39959.350423636664,38491.01531324732,-1468.3351103893438,0.0,0.0,0.0
4380.0,0.0,3.6748417942691223,0.38333333333333386,12459.762668429874,12471.059893438742,11.297225008867827,39941.28354761995,38516.970607027266,-1424.3129405926811,0.0,0.0,0.0
4390.0,0.0,3.6744019524173526,0.38333333333333386,12461.005864077526,12470.309946116493,9.304082038966953,39923.406175975026,38541.44970477388,-1381.9564712011488,0.0,0.0,0.0
4400.0,0.0,3.673987797477443,0.38333333333333386,12462.029831613874,12469.693367202493,7.663535588619197,39905.726541661614,38564.58867392541,-1341.1378677362009,0.0,0.0,0.0
4410.0,0.0,3.6735971059843875,0.38333333333333386,12462.871964965478,12469.188376725007,6.316411759529728,39888.25312607746,38586.495911463586,-1301.7572146138773,0.0,0.0,0.0
4420.0,0.0,3.6732276594491022,0.38333333333333386,12463.56515902693,12468.773160823064,5.20800179613434,39870.99430053512,38607.281506927764,-1263.7127936073593,0.0,0.0,0.0
4430.0,0.0,3.6728777143124205,0.38333333333333386,12464.135120757037,12468.4323908503,4.297270093262341,39853.95836937697,38627.03179961561,-1226.9265697613591,0.0,0.0,0.0
4440.0,0.0,3.672545510157247,0.38333333333333386,12464.60511691751,12468.150259336253,3.5451424187431257,39837.15327160394,38645.83538684886,-1191.3178847550735,0.0,0.0,0.0
4450.0,0.0,3.672229747307825,0.38333333333333386,12464.992265175042,12467.917199198706,2.924934023663809,39820.58671717249,38663.757242627675,-1156.8294745448147,0.0,0.0,0.0
4460.0,0.0,3.6719291744662637,0.38333333333333386,12465.312108265196,12467.723944892117,2.4118366269212856,39804.26583810941,38680.860613753415,-1123.4052243559927,0.0,0.0,0.0
4470.0,0.0,3.6716427383534045,0.38333333333333386,12465.576110251339,12467.56388123416,1.9877709828215302,39788.19738108119,38697.1988599304,-1090.9985211507883,0.0,0.0,0.0
4480.0,0.0,3.671369537648992,0.38333333333333386,12465.794065402546,12467.432101933671,1.6380365311251808,39772.38743158854,38712.81771898827,-1059.5697126002706,0.0,0.0,0.0
4490.0,0.0,3.6711086395680628,0.38333333333333386,12465.973656270531,12467.32318061619,1.3495243456582102,39756.841572240504,38727.76522915589,-1029.0763430846127,0.0,0.0,0.0
4500.0,0.0,3.6708592819355785,0.38333333333333386,12466.12157198276,12467.233551171483,1.1119791887231258,39741.56456910977,38742.080588794124,-999.4839803156428,0.0,0.0,0.0
